PRODUCT_ID,PRODUCT_NAME,MANUFACTURER,PRODUCT_TYPE,PRODUCT_SIZE,RETAIL_PRICE
120001,yellow hot rose blue green,Manufacturer#1,STANDARD ANODIZED STEEL,38,1021.00
120002,yellow pale blanched gainsboro moccasin,Manufacturer#4,STANDARD PLATED BRASS,22,1022.00
120003,metallic rosy gainsboro dark spring,Manufacturer#4,PROMO ANODIZED NICKEL,48,1023.00
120004,purple cream puff royal chocolate,Manufacturer#2,SMALL ANODIZED TIN,41,1024.00
120005,turquoise floral papaya steel blanched,Manufacturer#2,SMALL BURNISHED COPPER,35,1025.00
120006,maroon olive sky honeydew sienna,Manufacturer#3,LARGE BRUSHED TIN,45,1026.00
120007,black antique bisque misty orange,Manufacturer#3,PROMO POLISHED TIN,46,1027.00
120008,forest rose orchid mint lime,Manufacturer#1,SMALL PLATED COPPER,5,1028.00
120009,deep coral honeydew cornsilk dodger,Manufacturer#1,STANDARD BURNISHED TIN,22,1029.00
120010,seashell ghost grey red mint,Manufacturer#1,LARGE POLISHED NICKEL,23,1030.01
120011,sandy medium red rose coral,Manufacturer#3,MEDIUM POLISHED BRASS,18,1031.01
120012,violet smoke khaki salmon tan,Manufacturer#1,LARGE ANODIZED BRASS,24,1032.01
120013,orange frosted azure rosy goldenrod,Manufacturer#4,LARGE PLATED NICKEL,16,1033.01
120014,papaya white ghost blue aquamarine,Manufacturer#2,SMALL BURNISHED BRASS,31,1034.01
120015,rosy burnished tomato goldenrod gainsboro,Manufacturer#5,ECONOMY BURNISHED COPPER,9,1035.01
120016,floral pale purple beige chartreuse,Manufacturer#5,LARGE POLISHED STEEL,37,1036.01
120017,moccasin sienna honeydew wheat khaki,Manufacturer#4,MEDIUM ANODIZED COPPER,17,1037.01
120018,tomato spring ghost grey peru,Manufacturer#5,PROMO POLISHED BRASS,26,1038.01
120019,lime antique rose seashell magenta,Manufacturer#1,STANDARD ANODIZED BRASS,45,1039.01
120020,tomato frosted pink purple almond,Manufacturer#3,STANDARD POLISHED COPPER,34,1040.02
120021,salmon cream deep hot white,Manufacturer#4,STANDARD ANODIZED COPPER,14,1041.02
120022,deep lemon light frosted peach,Manufacturer#2,STANDARD BRUSHED TIN,16,1042.02
120023,light burlywood ivory midnight lime,Manufacturer#1,PROMO POLISHED STEEL,45,1043.02
120024,plum seashell dark linen puff,Manufacturer#4,SMALL ANODIZED NICKEL,15,1044.02
120025,linen slate violet burnished dark,Manufacturer#4,STANDARD PLATED TIN,40,1045.02
120026,yellow peach gainsboro coral frosted,Manufacturer#5,ECONOMY BURNISHED TIN,35,1046.02
120027,beige grey honeydew coral burlywood,Manufacturer#3,STANDARD PLATED TIN,35,1047.02
120028,rose floral forest lemon misty,Manufacturer#1,MEDIUM PLATED TIN,39,1048.02
120029,rosy plum linen magenta hot,Manufacturer#2,SMALL BURNISHED STEEL,22,1049.02
120030,seashell red linen yellow royal,Manufacturer#5,LARGE BURNISHED COPPER,2,1050.03
120031,saddle azure steel magenta dark,Manufacturer#2,ECONOMY PLATED BRASS,39,1051.03
120032,burnished blue dim cornflower deep,Manufacturer#1,MEDIUM POLISHED TIN,2,1052.03
120033,puff pale metallic cream red,Manufacturer#1,SMALL POLISHED COPPER,27,1053.03
120034,khaki white green plum red,Manufacturer#3,SMALL POLISHED NICKEL,33,1054.03
120035,rosy thistle light cornsilk maroon,Manufacturer#4,MEDIUM ANODIZED COPPER,15,1055.03
120036,violet thistle olive sandy indian,Manufacturer#2,ECONOMY ANODIZED TIN,5,1056.03
120037,violet royal tan papaya indian,Manufacturer#3,STANDARD BRUSHED STEEL,6,1057.03
120038,puff firebrick spring peru cornflower,Manufacturer#2,LARGE BRUSHED COPPER,17,1058.03
120039,peru metallic almond sienna saddle,Manufacturer#1,ECONOMY ANODIZED STEEL,46,1059.03
120040,peru goldenrod burnished light mint,Manufacturer#2,STANDARD BURNISHED STEEL,14,1060.04
120041,violet olive tan burnished seashell,Manufacturer#3,MEDIUM PLATED TIN,11,1061.04
120042,cornsilk red slate plum misty,Manufacturer#4,PROMO BURNISHED BRASS,4,1062.04
120043,grey bisque pink honeydew papaya,Manufacturer#3,MEDIUM BRUSHED TIN,1,1063.04
120044,thistle magenta burnished blue burlywood,Manufacturer#1,PROMO PLATED BRASS,11,1064.04
120045,bisque ghost spring blanched frosted,Manufacturer#1,PROMO BURNISHED NICKEL,48,1065.04
120046,lemon wheat cream yellow peach,Manufacturer#4,ECONOMY PLATED NICKEL,49,1066.04
120047,cyan almond beige maroon slate,Manufacturer#1,PROMO BURNISHED STEEL,43,1067.04
120048,papaya dark forest chocolate olive,Manufacturer#2,STANDARD PLATED BRASS,34,1068.04
120049,firebrick rose magenta black gainsboro,Manufacturer#4,STANDARD BURNISHED COPPER,48,1069.04
120050,azure navy goldenrod ghost ivory,Manufacturer#4,STANDARD POLISHED TIN,43,1070.05
120051,lace ghost drab midnight blush,Manufacturer#4,LARGE POLISHED COPPER,33,1071.05
120052,white chiffon olive saddle wheat,Manufacturer#4,SMALL ANODIZED NICKEL,42,1072.05
120053,papaya pink grey peru firebrick,Manufacturer#4,LARGE PLATED TIN,31,1073.05
120054,indian midnight seashell grey plum,Manufacturer#3,LARGE BURNISHED NICKEL,29,1074.05
120055,midnight linen orange dark plum,Manufacturer#2,ECONOMY BRUSHED STEEL,36,1075.05
120056,blue pale antique thistle sky,Manufacturer#4,STANDARD BRUSHED BRASS,30,1076.05
120057,navajo firebrick tan lemon chiffon,Manufacturer#1,PROMO ANODIZED BRASS,15,1077.05
120058,sienna honeydew royal lawn burlywood,Manufacturer#1,LARGE PLATED COPPER,10,1078.05
120059,rose steel green chartreuse smoke,Manufacturer#3,SMALL BRUSHED TIN,35,1079.05
120060,violet yellow maroon beige wheat,Manufacturer#3,LARGE ANODIZED TIN,44,1080.06
120061,magenta dim green indian pink,Manufacturer#1,MEDIUM BURNISHED STEEL,22,1081.06
120062,blanched grey blush sandy dim,Manufacturer#3,ECONOMY POLISHED NICKEL,32,1082.06
120063,dodger medium chocolate light green,Manufacturer#5,STANDARD ANODIZED COPPER,22,1083.06
120064,antique midnight black turquoise sienna,Manufacturer#3,SMALL POLISHED BRASS,38,1084.06
120065,green blanched steel dim brown,Manufacturer#3,PROMO BRUSHED BRASS,14,1085.06
120066,chocolate aquamarine powder spring tan,Manufacturer#1,PROMO PLATED STEEL,26,1086.06
120067,puff magenta navy lavender smoke,Manufacturer#2,LARGE BRUSHED STEEL,35,1087.06
120068,green chocolate khaki black sky,Manufacturer#5,MEDIUM PLATED NICKEL,15,1088.06
120069,rose wheat floral blue smoke,Manufacturer#3,LARGE PLATED COPPER,34,1089.06
120070,cornsilk rosy sandy orange olive,Manufacturer#4,STANDARD BRUSHED STEEL,49,1090.07
120071,mint chiffon sienna snow magenta,Manufacturer#2,PROMO POLISHED STEEL,34,1091.07
120072,peach honeydew violet lemon lavender,Manufacturer#5,PROMO ANODIZED TIN,5,1092.07
120073,slate beige turquoise sky dim,Manufacturer#2,ECONOMY BURNISHED BRASS,8,1093.07
120074,ghost medium saddle grey cyan,Manufacturer#2,STANDARD POLISHED STEEL,29,1094.07
120075,smoke sienna rosy turquoise green,Manufacturer#3,PROMO POLISHED STEEL,7,1095.07
120076,goldenrod floral firebrick maroon seashell,Manufacturer#3,STANDARD BRUSHED BRASS,23,1096.07
120077,misty thistle orchid beige blanched,Manufacturer#5,STANDARD PLATED NICKEL,46,1097.07
120078,beige thistle lawn white midnight,Manufacturer#3,LARGE POLISHED COPPER,27,1098.07
120079,deep metallic yellow chartreuse tan,Manufacturer#1,STANDARD BRUSHED BRASS,3,1099.07
120080,black red rosy ivory orange,Manufacturer#5,PROMO ANODIZED NICKEL,8,1100.08
120081,chocolate lemon linen aquamarine beige,Manufacturer#2,STANDARD BRUSHED COPPER,32,1101.08
120082,mint antique lime blanched khaki,Manufacturer#2,PROMO BRUSHED BRASS,34,1102.08
120083,navy burnished peach dodger firebrick,Manufacturer#5,STANDARD BRUSHED STEEL,5,1103.08
120084,ghost misty chocolate pink peach,Manufacturer#4,PROMO BURNISHED NICKEL,38,1104.08
120085,royal purple lawn blanched gainsboro,Manufacturer#1,ECONOMY PLATED STEEL,41,1105.08
120086,red ivory thistle wheat cornsilk,Manufacturer#1,SMALL POLISHED NICKEL,22,1106.08
120087,orchid bisque pink floral smoke,Manufacturer#3,MEDIUM BRUSHED TIN,34,1107.08
120088,floral lawn burlywood beige wheat,Manufacturer#2,MEDIUM PLATED BRASS,2,1108.08
120089,black ghost sky puff cornflower,Manufacturer#4,ECONOMY ANODIZED NICKEL,41,1109.08
120090,drab saddle honeydew spring violet,Manufacturer#1,PROMO POLISHED TIN,10,1110.09
120091,deep pink chocolate thistle lime,Manufacturer#3,MEDIUM ANODIZED TIN,17,1111.09
120092,beige honeydew deep brown tomato,Manufacturer#4,STANDARD PLATED TIN,33,1112.09
120093,chartreuse tan rose snow moccasin,Manufacturer#2,PROMO ANODIZED TIN,25,1113.09
120094,spring drab rose white misty,Manufacturer#2,MEDIUM BURNISHED COPPER,49,1114.09
120095,seashell sky blue dodger violet,Manufacturer#2,LARGE BURNISHED BRASS,16,1115.09
120096,ivory lawn cyan medium cornsilk,Manufacturer#5,PROMO BRUSHED COPPER,25,1116.09
120097,chiffon linen slate deep chocolate,Manufacturer#5,PROMO BURNISHED TIN,3,1117.09
120098,medium ivory cornsilk lavender chartreuse,Manufacturer#1,STANDARD BURNISHED STEEL,35,1118.09
120099,forest burnished powder gainsboro magenta,Manufacturer#5,MEDIUM ANODIZED NICKEL,21,1119.09
120100,tomato snow rose smoke linen,Manufacturer#1,PROMO BURNISHED NICKEL,35,1120.10
120101,royal ivory brown dim burlywood,Manufacturer#1,SMALL BRUSHED NICKEL,45,1121.10
120102,blue deep royal tomato blanched,Manufacturer#5,LARGE BRUSHED TIN,40,1122.10
120103,indian goldenrod lime cream light,Manufacturer#5,SMALL PLATED TIN,16,1123.10
120104,misty cornsilk thistle burlywood peach,Manufacturer#5,PROMO BURNISHED COPPER,13,1124.10
120105,spring hot snow almond goldenrod,Manufacturer#5,STANDARD ANODIZED COPPER,29,1125.10
120106,yellow chocolate chartreuse peru olive,Manufacturer#3,ECONOMY PLATED STEEL,29,1126.10
120107,papaya rosy dodger dim azure,Manufacturer#2,PROMO ANODIZED TIN,38,1127.10
120108,deep chocolate brown magenta lemon,Manufacturer#1,MEDIUM PLATED BRASS,39,1128.10
120109,antique orchid yellow red honeydew,Manufacturer#3,STANDARD PLATED NICKEL,36,1129.10
120110,chocolate orchid khaki papaya antique,Manufacturer#2,SMALL PLATED BRASS,27,1130.11
120111,mint grey beige orchid aquamarine,Manufacturer#3,ECONOMY PLATED NICKEL,4,1131.11
120112,brown wheat royal indian hot,Manufacturer#5,ECONOMY BURNISHED STEEL,9,1132.11
120113,brown beige floral slate burnished,Manufacturer#1,SMALL BURNISHED NICKEL,36,1133.11
120114,light hot beige saddle gainsboro,Manufacturer#5,LARGE BURNISHED TIN,41,1134.11
120115,gainsboro aquamarine cornsilk chiffon hot,Manufacturer#3,SMALL PLATED STEEL,14,1135.11
120116,lace sandy drab rose cream,Manufacturer#1,LARGE PLATED TIN,16,1136.11
120117,chiffon rosy powder orchid metallic,Manufacturer#5,LARGE BURNISHED COPPER,48,1137.11
120118,mint medium lemon frosted burlywood,Manufacturer#4,LARGE BURNISHED NICKEL,16,1138.11
120119,salmon cornsilk lawn ivory bisque,Manufacturer#4,STANDARD BRUSHED STEEL,23,1139.11
120120,moccasin tan misty linen blanched,Manufacturer#2,MEDIUM ANODIZED NICKEL,45,1140.12
120121,sandy thistle lawn seashell salmon,Manufacturer#4,ECONOMY ANODIZED TIN,13,1141.12
120122,burnished royal salmon slate blush,Manufacturer#3,PROMO BRUSHED NICKEL,15,1142.12
120123,lavender saddle royal red plum,Manufacturer#1,MEDIUM ANODIZED TIN,49,1143.12
120124,deep olive steel slate goldenrod,Manufacturer#2,LARGE BRUSHED COPPER,17,1144.12
120125,cornflower black aquamarine cornsilk coral,Manufacturer#4,STANDARD POLISHED NICKEL,2,1145.12
120126,maroon mint sienna steel violet,Manufacturer#2,MEDIUM POLISHED STEEL,35,1146.12
120127,peach gainsboro papaya orange lawn,Manufacturer#3,STANDARD ANODIZED STEEL,41,1147.12
120128,forest black cream yellow sandy,Manufacturer#2,LARGE ANODIZED BRASS,28,1148.12
120129,black moccasin almond chocolate sky,Manufacturer#2,SMALL ANODIZED BRASS,32,1149.12
120130,misty blanched royal sienna salmon,Manufacturer#2,SMALL ANODIZED BRASS,10,1150.13
120131,lemon green navy blue indian,Manufacturer#2,SMALL BRUSHED TIN,10,1151.13
120132,ivory snow olive tan dark,Manufacturer#2,PROMO POLISHED COPPER,50,1152.13
120133,honeydew deep cyan burnished light,Manufacturer#2,LARGE POLISHED BRASS,12,1153.13
120134,olive gainsboro violet steel brown,Manufacturer#5,PROMO PLATED NICKEL,14,1154.13
120135,green maroon royal tan steel,Manufacturer#3,MEDIUM BURNISHED BRASS,26,1155.13
120136,puff medium slate mint deep,Manufacturer#3,MEDIUM POLISHED TIN,25,1156.13
120137,sandy snow burnished goldenrod azure,Manufacturer#5,PROMO BURNISHED COPPER,13,1157.13
120138,aquamarine thistle violet deep royal,Manufacturer#3,PROMO BRUSHED TIN,21,1158.13
120139,ghost forest burnished moccasin seashell,Manufacturer#4,ECONOMY PLATED TIN,25,1159.13
120140,mint sky misty dodger forest,Manufacturer#5,MEDIUM PLATED COPPER,20,1160.14
120141,navy ghost spring mint lawn,Manufacturer#4,STANDARD BRUSHED STEEL,29,1161.14
120142,firebrick navajo dim cream sandy,Manufacturer#1,PROMO ANODIZED COPPER,26,1162.14
120143,ivory navajo black lace honeydew,Manufacturer#5,PROMO BRUSHED STEEL,8,1163.14
120144,rose medium lemon aquamarine royal,Manufacturer#2,PROMO PLATED NICKEL,37,1164.14
120145,navajo violet lace aquamarine rosy,Manufacturer#4,LARGE BURNISHED NICKEL,48,1165.14
120146,rosy medium floral light red,Manufacturer#3,MEDIUM ANODIZED COPPER,12,1166.14
120147,azure coral purple white saddle,Manufacturer#1,STANDARD PLATED BRASS,16,1167.14
120148,pink hot brown turquoise navy,Manufacturer#3,PROMO ANODIZED COPPER,48,1168.14
120149,bisque spring moccasin hot antique,Manufacturer#4,LARGE ANODIZED COPPER,3,1169.14
120150,cornsilk purple medium frosted hot,Manufacturer#4,ECONOMY BRUSHED COPPER,8,1170.15
120151,ghost steel royal moccasin rose,Manufacturer#1,SMALL PLATED COPPER,38,1171.15
120152,dim green saddle sandy blanched,Manufacturer#2,SMALL PLATED NICKEL,38,1172.15
120153,grey tomato light wheat frosted,Manufacturer#5,STANDARD PLATED COPPER,23,1173.15
120154,midnight burnished tomato orange goldenrod,Manufacturer#2,ECONOMY BURNISHED STEEL,15,1174.15
120155,royal bisque brown saddle beige,Manufacturer#3,STANDARD POLISHED COPPER,40,1175.15
120156,navajo frosted gainsboro violet lawn,Manufacturer#3,MEDIUM POLISHED COPPER,43,1176.15
120157,plum steel medium orange orchid,Manufacturer#5,PROMO POLISHED NICKEL,20,1177.15
120158,beige deep chocolate lawn moccasin,Manufacturer#4,SMALL PLATED TIN,30,1178.15
120159,coral linen navajo aquamarine rose,Manufacturer#2,STANDARD POLISHED STEEL,15,1179.15
120160,cream brown purple sky ivory,Manufacturer#1,PROMO BRUSHED STEEL,49,1180.16
120161,sienna peru azure white dodger,Manufacturer#4,ECONOMY POLISHED NICKEL,37,1181.16
120162,blue cyan metallic puff burlywood,Manufacturer#5,ECONOMY POLISHED STEEL,43,1182.16
120163,gainsboro goldenrod dark saddle white,Manufacturer#2,MEDIUM BRUSHED STEEL,39,1183.16
120164,floral chocolate blanched almond aquamarine,Manufacturer#4,MEDIUM POLISHED COPPER,46,1184.16
120165,cornsilk blush firebrick blanched dim,Manufacturer#4,STANDARD PLATED TIN,46,1185.16
120166,pink brown burnished rose cream,Manufacturer#1,PROMO PLATED TIN,16,1186.16
120167,smoke peru slate sienna spring,Manufacturer#5,STANDARD BURNISHED NICKEL,3,1187.16
120168,brown beige peach navy powder,Manufacturer#1,PROMO BURNISHED STEEL,9,1188.16
120169,midnight forest black floral sky,Manufacturer#4,STANDARD PLATED BRASS,15,1189.16
120170,cornflower snow blush yellow dodger,Manufacturer#1,ECONOMY BURNISHED COPPER,49,1190.17
120171,cornflower khaki ivory coral yellow,Manufacturer#5,STANDARD PLATED NICKEL,32,1191.17
120172,peach pale hot blanched ghost,Manufacturer#4,ECONOMY ANODIZED TIN,33,1192.17
120173,azure burnished tomato mint spring,Manufacturer#1,SMALL ANODIZED TIN,2,1193.17
120174,purple yellow misty spring brown,Manufacturer#1,LARGE BRUSHED TIN,39,1194.17
120175,honeydew red chiffon lawn wheat,Manufacturer#1,PROMO BRUSHED BRASS,7,1195.17
120176,seashell cream blue bisque lavender,Manufacturer#2,MEDIUM BRUSHED BRASS,15,1196.17
120177,lime maroon dim goldenrod forest,Manufacturer#2,STANDARD BURNISHED TIN,15,1197.17
120178,lace aquamarine goldenrod purple khaki,Manufacturer#1,STANDARD ANODIZED COPPER,43,1198.17
120179,seashell yellow gainsboro ivory pink,Manufacturer#1,LARGE BURNISHED COPPER,41,1199.17
120180,chiffon wheat lavender coral navajo,Manufacturer#4,STANDARD ANODIZED BRASS,5,1200.18
120181,azure pale hot ghost brown,Manufacturer#5,PROMO BURNISHED NICKEL,30,1201.18
120182,maroon papaya thistle indian blue,Manufacturer#4,PROMO BURNISHED STEEL,26,1202.18
120183,red lace puff seashell chiffon,Manufacturer#4,SMALL PLATED COPPER,13,1203.18
120184,puff drab gainsboro khaki forest,Manufacturer#4,ECONOMY POLISHED BRASS,21,1204.18
120185,purple olive burlywood chocolate white,Manufacturer#3,PROMO BURNISHED NICKEL,3,1205.18
120186,navajo olive plum midnight spring,Manufacturer#4,PROMO PLATED BRASS,21,1206.18
120187,rose puff floral ivory cream,Manufacturer#2,SMALL POLISHED COPPER,6,1207.18
120188,tan navy goldenrod powder black,Manufacturer#5,PROMO ANODIZED COPPER,9,1208.18
120189,rose turquoise purple salmon linen,Manufacturer#4,LARGE BURNISHED NICKEL,30,1209.18
120190,slate white salmon brown grey,Manufacturer#2,SMALL PLATED COPPER,1,1210.19
120191,navajo deep goldenrod lawn misty,Manufacturer#1,PROMO BRUSHED BRASS,20,1211.19
120192,ivory smoke indian brown grey,Manufacturer#1,MEDIUM BURNISHED STEEL,3,1212.19
120193,salmon thistle sienna smoke dim,Manufacturer#3,PROMO PLATED BRASS,14,1213.19
120194,pink blush light sky moccasin,Manufacturer#5,SMALL BRUSHED NICKEL,21,1214.19
120195,medium mint dark orange firebrick,Manufacturer#1,LARGE ANODIZED COPPER,22,1215.19
120196,saddle black navy rosy hot,Manufacturer#5,STANDARD BRUSHED STEEL,38,1216.19
120197,khaki cornflower pink dim black,Manufacturer#3,LARGE PLATED BRASS,29,1217.19
120198,peru lemon spring maroon gainsboro,Manufacturer#2,MEDIUM BRUSHED TIN,37,1218.19
120199,smoke steel khaki hot light,Manufacturer#3,MEDIUM POLISHED BRASS,40,1219.19
120200,chocolate medium slate rose cornflower,Manufacturer#5,LARGE BRUSHED TIN,13,1220.20
120201,blush chartreuse linen yellow sienna,Manufacturer#5,STANDARD POLISHED COPPER,6,1221.20
120202,blush aquamarine orange pale violet,Manufacturer#3,ECONOMY ANODIZED COPPER,23,1222.20
120203,mint pale lace chocolate saddle,Manufacturer#3,MEDIUM POLISHED BRASS,40,1223.20
120204,black ghost sandy light ivory,Manufacturer#4,MEDIUM PLATED BRASS,36,1224.20
120205,peru peach antique violet puff,Manufacturer#2,LARGE POLISHED NICKEL,28,1225.20
120206,coral cornsilk cream steel sienna,Manufacturer#1,STANDARD POLISHED STEEL,26,1226.20
120207,ivory burnished powder forest beige,Manufacturer#2,LARGE BURNISHED NICKEL,3,1227.20
120208,peach maroon wheat azure sky,Manufacturer#5,LARGE ANODIZED TIN,35,1228.20
120209,ivory midnight chartreuse mint steel,Manufacturer#3,PROMO BRUSHED STEEL,41,1229.20
120210,forest ghost khaki blush bisque,Manufacturer#3,SMALL POLISHED TIN,9,1230.21
120211,spring magenta royal tomato pale,Manufacturer#3,MEDIUM PLATED TIN,44,1231.21
120212,honeydew chartreuse burnished black sienna,Manufacturer#3,SMALL BURNISHED NICKEL,38,1232.21
120213,light khaki sienna peach dodger,Manufacturer#5,STANDARD PLATED COPPER,23,1233.21
120214,ivory navy green white thistle,Manufacturer#4,ECONOMY ANODIZED NICKEL,40,1234.21
120215,blush pink grey ivory chartreuse,Manufacturer#1,LARGE BRUSHED COPPER,41,1235.21
120216,orchid rosy coral dodger plum,Manufacturer#5,SMALL BURNISHED COPPER,47,1236.21
120217,pink black coral antique almond,Manufacturer#2,PROMO ANODIZED NICKEL,18,1237.21
120218,moccasin plum gainsboro firebrick coral,Manufacturer#2,MEDIUM BRUSHED COPPER,25,1238.21
120219,bisque gainsboro puff cyan cream,Manufacturer#2,LARGE BURNISHED TIN,27,1239.21
120220,lime plum brown bisque orange,Manufacturer#5,SMALL BRUSHED COPPER,41,1240.22
120221,peru ivory spring brown gainsboro,Manufacturer#3,PROMO ANODIZED BRASS,38,1241.22
120222,plum lime lawn moccasin cornflower,Manufacturer#5,MEDIUM PLATED STEEL,45,1242.22
120223,goldenrod cornflower moccasin smoke peru,Manufacturer#1,MEDIUM ANODIZED NICKEL,20,1243.22
120224,light maroon firebrick thistle mint,Manufacturer#2,STANDARD BURNISHED BRASS,42,1244.22
120225,saddle cornflower rosy dim puff,Manufacturer#4,LARGE PLATED STEEL,37,1245.22
120226,mint cyan tan purple plum,Manufacturer#4,MEDIUM PLATED COPPER,7,1246.22
120227,burnished violet blush hot sandy,Manufacturer#2,STANDARD ANODIZED COPPER,7,1247.22
120228,lawn midnight dim blanched violet,Manufacturer#1,PROMO POLISHED TIN,41,1248.22
120229,firebrick goldenrod sky maroon forest,Manufacturer#5,LARGE BURNISHED COPPER,1,1249.22
120230,beige rosy lace olive floral,Manufacturer#2,LARGE PLATED NICKEL,20,1250.23
120231,puff lemon lavender dodger cornflower,Manufacturer#4,MEDIUM BRUSHED NICKEL,8,1251.23
120232,linen salmon purple indian orchid,Manufacturer#1,MEDIUM BURNISHED COPPER,34,1252.23
120233,lace lime light azure steel,Manufacturer#3,LARGE PLATED NICKEL,46,1253.23
120234,maroon blush goldenrod dark magenta,Manufacturer#1,LARGE ANODIZED BRASS,45,1254.23
120235,cyan blush orchid wheat magenta,Manufacturer#2,MEDIUM ANODIZED COPPER,37,1255.23
120236,puff coral navy spring rosy,Manufacturer#3,ECONOMY ANODIZED NICKEL,43,1256.23
120237,chocolate spring dodger ghost red,Manufacturer#5,LARGE PLATED NICKEL,17,1257.23
120238,burlywood floral saddle medium chiffon,Manufacturer#5,ECONOMY BURNISHED TIN,47,1258.23
120239,salmon indian beige pink lavender,Manufacturer#3,LARGE POLISHED STEEL,45,1259.23
120240,moccasin blush peach cream tan,Manufacturer#2,ECONOMY BRUSHED NICKEL,36,1260.24
120241,cornflower powder turquoise chiffon yellow,Manufacturer#1,SMALL POLISHED COPPER,38,1261.24
120242,khaki deep tomato goldenrod wheat,Manufacturer#1,MEDIUM PLATED NICKEL,28,1262.24
120243,lemon blush indian white deep,Manufacturer#2,PROMO BRUSHED STEEL,28,1263.24
120244,royal peru powder chartreuse misty,Manufacturer#3,SMALL BURNISHED STEEL,32,1264.24
120245,powder frosted rosy turquoise indian,Manufacturer#1,SMALL BRUSHED COPPER,30,1265.24
120246,chiffon firebrick lavender brown coral,Manufacturer#3,MEDIUM ANODIZED NICKEL,32,1266.24
120247,metallic maroon seashell aquamarine cyan,Manufacturer#3,LARGE BURNISHED STEEL,16,1267.24
120248,grey antique puff sienna magenta,Manufacturer#1,STANDARD POLISHED TIN,13,1268.24
120249,floral hot gainsboro misty lavender,Manufacturer#5,LARGE BURNISHED NICKEL,32,1269.24
120250,bisque cream hot navy misty,Manufacturer#5,MEDIUM POLISHED COPPER,38,1270.25
120251,burnished olive orchid cream peach,Manufacturer#1,LARGE PLATED COPPER,33,1271.25
120252,chocolate honeydew floral tan lemon,Manufacturer#2,LARGE ANODIZED NICKEL,43,1272.25
120253,dodger cyan papaya orchid steel,Manufacturer#1,LARGE POLISHED STEEL,49,1273.25
120254,pink drab tan sky smoke,Manufacturer#5,ECONOMY POLISHED STEEL,40,1274.25
120255,saddle drab royal cornflower lavender,Manufacturer#2,ECONOMY ANODIZED NICKEL,28,1275.25
120256,slate azure floral sandy peach,Manufacturer#4,SMALL BRUSHED STEEL,31,1276.25
120257,snow sandy chocolate gainsboro dodger,Manufacturer#2,MEDIUM POLISHED TIN,25,1277.25
120258,floral medium seashell hot grey,Manufacturer#1,STANDARD PLATED STEEL,9,1278.25
120259,burnished mint magenta spring lime,Manufacturer#2,LARGE PLATED TIN,32,1279.25
120260,sky burnished thistle linen maroon,Manufacturer#2,STANDARD PLATED BRASS,41,1280.26
120261,seashell lawn peru blue forest,Manufacturer#5,ECONOMY BRUSHED COPPER,22,1281.26
120262,black azure snow navy goldenrod,Manufacturer#5,PROMO BURNISHED NICKEL,44,1282.26
120263,dark azure blanched salmon pink,Manufacturer#4,MEDIUM PLATED STEEL,4,1283.26
120264,blue blanched snow red spring,Manufacturer#3,ECONOMY PLATED NICKEL,37,1284.26
120265,pale azure papaya peach black,Manufacturer#2,MEDIUM POLISHED COPPER,31,1285.26
120266,snow lavender antique medium cornsilk,Manufacturer#2,ECONOMY POLISHED STEEL,14,1286.26
120267,ghost honeydew mint cyan blush,Manufacturer#2,LARGE ANODIZED STEEL,11,1287.26
120268,antique khaki medium navy frosted,Manufacturer#5,LARGE BURNISHED BRASS,20,1288.26
120269,tan turquoise pale coral chocolate,Manufacturer#4,STANDARD BURNISHED BRASS,18,1289.26
120270,pink lemon forest violet aquamarine,Manufacturer#4,PROMO BURNISHED STEEL,48,1290.27
120271,drab maroon linen dark almond,Manufacturer#5,PROMO BURNISHED NICKEL,20,1291.27
120272,black mint aquamarine midnight navajo,Manufacturer#2,SMALL BURNISHED STEEL,14,1292.27
120273,burlywood thistle dim purple orange,Manufacturer#1,STANDARD BURNISHED BRASS,20,1293.27
120274,papaya drab navy peach sky,Manufacturer#5,SMALL BURNISHED STEEL,19,1294.27
120275,bisque rose tomato black white,Manufacturer#4,LARGE POLISHED NICKEL,21,1295.27
120276,indian goldenrod cyan hot cornflower,Manufacturer#4,STANDARD BURNISHED COPPER,1,1296.27
120277,magenta peach peru navy papaya,Manufacturer#2,PROMO BURNISHED COPPER,13,1297.27
120278,brown spring purple magenta chocolate,Manufacturer#2,PROMO BRUSHED BRASS,28,1298.27
120279,drab dodger deep puff aquamarine,Manufacturer#3,LARGE BRUSHED TIN,2,1299.27
120280,burnished powder azure tomato olive,Manufacturer#2,LARGE BRUSHED BRASS,29,1300.28
120281,cornsilk powder wheat puff royal,Manufacturer#2,MEDIUM POLISHED BRASS,11,1301.28
120282,lace violet sienna linen burlywood,Manufacturer#4,MEDIUM BURNISHED COPPER,8,1302.28
120283,lavender light papaya sandy olive,Manufacturer#1,PROMO POLISHED BRASS,46,1303.28
120284,lavender midnight cornflower deep chartreuse,Manufacturer#5,MEDIUM BRUSHED BRASS,22,1304.28
120285,midnight lime turquoise red spring,Manufacturer#4,PROMO BRUSHED COPPER,5,1305.28
120286,thistle violet plum burlywood rosy,Manufacturer#1,LARGE ANODIZED STEEL,11,1306.28
120287,violet metallic blue spring medium,Manufacturer#5,MEDIUM PLATED STEEL,18,1307.28
120288,tan black cyan olive salmon,Manufacturer#2,STANDARD POLISHED BRASS,22,1308.28
120289,slate misty maroon aquamarine puff,Manufacturer#4,MEDIUM BRUSHED STEEL,15,1309.28
120290,misty turquoise cornflower almond lemon,Manufacturer#2,STANDARD PLATED NICKEL,9,1310.29
120291,steel khaki lemon red sandy,Manufacturer#2,STANDARD POLISHED STEEL,47,1311.29
120292,blush floral blanched lemon saddle,Manufacturer#3,STANDARD BRUSHED NICKEL,32,1312.29
120293,navajo royal smoke deep honeydew,Manufacturer#5,STANDARD ANODIZED TIN,20,1313.29
120294,orchid orange aquamarine sienna slate,Manufacturer#3,PROMO ANODIZED STEEL,31,1314.29
120295,mint purple burlywood maroon linen,Manufacturer#5,ECONOMY PLATED NICKEL,34,1315.29
120296,khaki linen gainsboro ghost grey,Manufacturer#4,ECONOMY BRUSHED COPPER,9,1316.29
120297,burlywood indian lawn pale navy,Manufacturer#3,MEDIUM BRUSHED BRASS,48,1317.29
120298,gainsboro seashell red bisque firebrick,Manufacturer#1,MEDIUM PLATED NICKEL,30,1318.29
120299,sienna maroon lemon moccasin blush,Manufacturer#2,PROMO BURNISHED TIN,21,1319.29
120300,dark orange dim burlywood mint,Manufacturer#5,SMALL BURNISHED COPPER,23,1320.30
120301,cornsilk indian blanched dodger burnished,Manufacturer#4,MEDIUM BRUSHED COPPER,36,1321.30
120302,sandy violet tomato frosted floral,Manufacturer#4,STANDARD BURNISHED TIN,37,1322.30
120303,rosy pink papaya deep beige,Manufacturer#4,STANDARD BRUSHED BRASS,32,1323.30
120304,mint saddle gainsboro antique royal,Manufacturer#5,SMALL BRUSHED COPPER,32,1324.30
120305,orange salmon ghost snow purple,Manufacturer#5,SMALL BURNISHED BRASS,14,1325.30
120306,almond magenta thistle forest lavender,Manufacturer#3,MEDIUM ANODIZED TIN,32,1326.30
120307,smoke cornsilk floral powder cornflower,Manufacturer#1,LARGE PLATED TIN,23,1327.30
120308,lawn light indian ivory drab,Manufacturer#3,STANDARD ANODIZED STEEL,12,1328.30
120309,green olive slate lemon blush,Manufacturer#5,STANDARD BRUSHED NICKEL,1,1329.30
120310,turquoise cyan lemon dodger sandy,Manufacturer#4,PROMO PLATED TIN,43,1330.31
120311,misty slate maroon magenta blue,Manufacturer#5,MEDIUM ANODIZED TIN,40,1331.31
120312,navajo deep moccasin chocolate peach,Manufacturer#5,ECONOMY POLISHED STEEL,45,1332.31
120313,mint moccasin pale navy orange,Manufacturer#1,STANDARD PLATED TIN,44,1333.31
120314,medium ghost grey papaya steel,Manufacturer#4,SMALL PLATED NICKEL,6,1334.31
120315,rose rosy bisque lemon burlywood,Manufacturer#2,MEDIUM BURNISHED COPPER,40,1335.31
120316,honeydew sienna dark rose royal,Manufacturer#5,SMALL ANODIZED STEEL,23,1336.31
120317,goldenrod yellow midnight green peach,Manufacturer#3,PROMO ANODIZED NICKEL,25,1337.31
120318,spring antique blue lavender blanched,Manufacturer#1,PROMO PLATED BRASS,40,1338.31
120319,lemon metallic chiffon dark plum,Manufacturer#5,ECONOMY PLATED STEEL,17,1339.31
120320,grey rose khaki blanched orange,Manufacturer#5,SMALL BURNISHED NICKEL,28,1340.32
120321,moccasin purple bisque plum sienna,Manufacturer#2,PROMO PLATED BRASS,25,1341.32
120322,maroon misty tan dodger wheat,Manufacturer#1,ECONOMY BURNISHED STEEL,18,1342.32
120323,firebrick linen navy sienna dodger,Manufacturer#3,PROMO BRUSHED STEEL,16,1343.32
120324,turquoise rosy almond medium puff,Manufacturer#2,PROMO PLATED COPPER,26,1344.32
120325,navy orange wheat saddle smoke,Manufacturer#5,ECONOMY PLATED NICKEL,6,1345.32
120326,yellow salmon lawn wheat dim,Manufacturer#3,SMALL POLISHED BRASS,37,1346.32
120327,dodger smoke chiffon frosted burnished,Manufacturer#2,MEDIUM POLISHED COPPER,48,1347.32
120328,chiffon moccasin linen steel burlywood,Manufacturer#5,STANDARD BURNISHED NICKEL,41,1348.32
120329,blue brown sky gainsboro lace,Manufacturer#1,STANDARD BRUSHED STEEL,32,1349.32
120330,bisque almond slate thistle maroon,Manufacturer#4,PROMO POLISHED STEEL,38,1350.33
120331,purple spring turquoise blanched bisque,Manufacturer#5,LARGE BRUSHED COPPER,43,1351.33
120332,burlywood blue maroon blush ghost,Manufacturer#3,SMALL BURNISHED COPPER,11,1352.33
120333,papaya tomato antique lime lavender,Manufacturer#5,PROMO BURNISHED TIN,45,1353.33
120334,antique red tomato puff white,Manufacturer#4,STANDARD BRUSHED TIN,37,1354.33
120335,floral tan khaki smoke saddle,Manufacturer#3,PROMO BRUSHED STEEL,42,1355.33
120336,honeydew wheat white antique bisque,Manufacturer#1,STANDARD PLATED NICKEL,5,1356.33
120337,tan rose burnished dim cornflower,Manufacturer#5,PROMO PLATED NICKEL,42,1357.33
120338,azure grey rosy peru seashell,Manufacturer#5,PROMO PLATED COPPER,18,1358.33
120339,plum gainsboro puff snow sienna,Manufacturer#1,LARGE POLISHED STEEL,36,1359.33
120340,cornsilk rosy rose dim cornflower,Manufacturer#1,LARGE POLISHED BRASS,37,1360.34
120341,snow papaya peru seashell orange,Manufacturer#2,LARGE PLATED COPPER,23,1361.34
120342,tan deep smoke moccasin purple,Manufacturer#2,MEDIUM PLATED NICKEL,50,1362.34
120343,lime olive deep lace puff,Manufacturer#2,ECONOMY POLISHED COPPER,28,1363.34
120344,chocolate chartreuse almond olive navajo,Manufacturer#1,ECONOMY POLISHED TIN,48,1364.34
120345,peach floral rosy ivory almond,Manufacturer#5,STANDARD BURNISHED NICKEL,13,1365.34
120346,almond spring lavender burnished cornsilk,Manufacturer#5,SMALL BURNISHED NICKEL,6,1366.34
120347,lime blue papaya ivory royal,Manufacturer#2,STANDARD POLISHED COPPER,48,1367.34
120348,brown maroon indian navajo midnight,Manufacturer#1,MEDIUM ANODIZED COPPER,49,1368.34
120349,chiffon honeydew spring rosy wheat,Manufacturer#2,SMALL BRUSHED TIN,5,1369.34
120350,magenta aquamarine firebrick hot dark,Manufacturer#3,SMALL BURNISHED STEEL,28,1370.35
120351,floral rose red lavender black,Manufacturer#3,SMALL ANODIZED COPPER,36,1371.35
120352,seashell burlywood black dark brown,Manufacturer#2,PROMO ANODIZED STEEL,2,1372.35
120353,burlywood sandy navajo burnished yellow,Manufacturer#3,STANDARD BURNISHED NICKEL,18,1373.35
120354,honeydew bisque metallic thistle cream,Manufacturer#2,LARGE PLATED NICKEL,2,1374.35
120355,salmon antique navajo hot peru,Manufacturer#1,STANDARD BURNISHED COPPER,15,1375.35
120356,navajo linen wheat black blanched,Manufacturer#3,STANDARD ANODIZED NICKEL,9,1376.35
120357,slate dim dark blush purple,Manufacturer#1,SMALL POLISHED BRASS,11,1377.35
120358,coral chartreuse salmon plum sky,Manufacturer#3,SMALL PLATED TIN,38,1378.35
120359,powder pale chiffon chartreuse peach,Manufacturer#3,MEDIUM BURNISHED BRASS,8,1379.35
120360,black hot green rose blush,Manufacturer#2,MEDIUM POLISHED NICKEL,30,1380.36
120361,rose black navajo seashell papaya,Manufacturer#2,LARGE POLISHED NICKEL,10,1381.36
120362,papaya cornflower black floral violet,Manufacturer#4,MEDIUM ANODIZED NICKEL,32,1382.36
120363,hot lemon plum dark blue,Manufacturer#2,LARGE POLISHED BRASS,24,1383.36
120364,magenta turquoise metallic blue indian,Manufacturer#1,LARGE BURNISHED NICKEL,9,1384.36
120365,steel burlywood smoke misty lawn,Manufacturer#1,PROMO PLATED BRASS,14,1385.36
120366,dark khaki salmon light midnight,Manufacturer#4,PROMO ANODIZED BRASS,42,1386.36
120367,midnight aquamarine forest metallic cornflower,Manufacturer#4,PROMO BRUSHED TIN,4,1387.36
120368,olive floral papaya khaki green,Manufacturer#5,MEDIUM ANODIZED COPPER,20,1388.36
120369,wheat gainsboro blue thistle seashell,Manufacturer#4,LARGE BURNISHED TIN,33,1389.36
120370,blush lawn rose hot bisque,Manufacturer#1,LARGE ANODIZED BRASS,14,1390.37
120371,chocolate almond chiffon moccasin indian,Manufacturer#3,MEDIUM BURNISHED COPPER,44,1391.37
120372,navajo cream blush frosted chiffon,Manufacturer#1,SMALL BURNISHED NICKEL,18,1392.37
120373,azure pale misty chocolate ivory,Manufacturer#3,LARGE PLATED COPPER,33,1393.37
120374,frosted beige sienna azure khaki,Manufacturer#5,LARGE ANODIZED TIN,10,1394.37
120375,yellow steel chocolate wheat mint,Manufacturer#4,SMALL BURNISHED BRASS,16,1395.37
120376,maroon forest royal coral puff,Manufacturer#1,ECONOMY ANODIZED NICKEL,10,1396.37
120377,gainsboro forest powder lime thistle,Manufacturer#1,MEDIUM POLISHED TIN,49,1397.37
120378,snow chocolate drab misty cyan,Manufacturer#3,ECONOMY POLISHED TIN,4,1398.37
120379,drab rosy lawn tan azure,Manufacturer#3,MEDIUM PLATED COPPER,20,1399.37
120380,lavender pale mint metallic sandy,Manufacturer#2,STANDARD PLATED STEEL,33,1400.38
120381,chocolate metallic cyan misty chartreuse,Manufacturer#1,SMALL BURNISHED COPPER,28,1401.38
120382,cream cornsilk black rose salmon,Manufacturer#1,STANDARD BRUSHED COPPER,22,1402.38
120383,slate coral magenta ghost drab,Manufacturer#4,STANDARD POLISHED TIN,36,1403.38
120384,burnished honeydew violet sky red,Manufacturer#1,PROMO BRUSHED TIN,7,1404.38
120385,linen steel coral honeydew dim,Manufacturer#4,LARGE BURNISHED STEEL,38,1405.38
120386,sienna orange spring grey midnight,Manufacturer#5,ECONOMY PLATED BRASS,48,1406.38
120387,navy burnished moccasin cornsilk rose,Manufacturer#2,LARGE BURNISHED TIN,49,1407.38
120388,dodger salmon slate turquoise sienna,Manufacturer#4,STANDARD BURNISHED TIN,18,1408.38
120389,deep blush blue slate peru,Manufacturer#4,SMALL POLISHED BRASS,28,1409.38
120390,magenta frosted rosy pink azure,Manufacturer#2,ECONOMY ANODIZED COPPER,42,1410.39
120391,moccasin puff burnished goldenrod powder,Manufacturer#5,ECONOMY ANODIZED BRASS,19,1411.39
120392,purple indian bisque dark almond,Manufacturer#2,SMALL POLISHED COPPER,8,1412.39
120393,lime burnished puff forest frosted,Manufacturer#1,STANDARD BURNISHED TIN,47,1413.39
120394,gainsboro coral cyan burlywood firebrick,Manufacturer#2,STANDARD ANODIZED STEEL,15,1414.39
120395,burlywood saddle misty blanched linen,Manufacturer#1,MEDIUM PLATED STEEL,42,1415.39
120396,blanched salmon ghost white gainsboro,Manufacturer#3,PROMO ANODIZED BRASS,49,1416.39
120397,slate ivory snow red pink,Manufacturer#1,STANDARD ANODIZED STEEL,44,1417.39
120398,magenta coral powder sienna turquoise,Manufacturer#3,ECONOMY POLISHED COPPER,1,1418.39
120399,bisque lemon spring goldenrod powder,Manufacturer#1,PROMO ANODIZED BRASS,20,1419.39
120400,maroon burlywood ghost smoke honeydew,Manufacturer#5,PROMO POLISHED TIN,30,1420.40
120401,pale green navajo grey cornflower,Manufacturer#5,MEDIUM BRUSHED TIN,20,1421.40
120402,spring brown mint yellow misty,Manufacturer#2,MEDIUM POLISHED BRASS,22,1422.40
120403,orchid dodger chiffon magenta burlywood,Manufacturer#2,PROMO ANODIZED NICKEL,39,1423.40
120404,linen lace royal peru medium,Manufacturer#5,LARGE PLATED NICKEL,49,1424.40
120405,almond red lace burlywood dark,Manufacturer#3,SMALL ANODIZED NICKEL,39,1425.40
120406,lawn salmon black lace azure,Manufacturer#5,STANDARD BURNISHED STEEL,31,1426.40
120407,red papaya sandy almond navajo,Manufacturer#3,SMALL POLISHED BRASS,5,1427.40
120408,light goldenrod lace indian peru,Manufacturer#1,MEDIUM BURNISHED NICKEL,1,1428.40
120409,hot purple bisque grey burnished,Manufacturer#4,ECONOMY BURNISHED STEEL,13,1429.40
120410,honeydew pale chiffon dodger cyan,Manufacturer#2,ECONOMY PLATED COPPER,46,1430.41
120411,rosy orange chocolate midnight magenta,Manufacturer#4,MEDIUM BRUSHED NICKEL,28,1431.41
120412,coral purple peru blush salmon,Manufacturer#5,ECONOMY ANODIZED BRASS,5,1432.41
120413,cornflower orange salmon seashell royal,Manufacturer#3,MEDIUM BRUSHED TIN,2,1433.41
120414,hot chocolate peru violet navajo,Manufacturer#4,LARGE BURNISHED STEEL,46,1434.41
120415,bisque azure indian dim burnished,Manufacturer#5,ECONOMY BRUSHED STEEL,33,1435.41
120416,pale sienna moccasin firebrick bisque,Manufacturer#5,LARGE BRUSHED STEEL,13,1436.41
120417,khaki green medium maroon chartreuse,Manufacturer#3,STANDARD POLISHED NICKEL,28,1437.41
120418,antique lawn violet aquamarine pink,Manufacturer#4,STANDARD PLATED COPPER,37,1438.41
120419,orange cyan goldenrod rose pale,Manufacturer#3,STANDARD ANODIZED NICKEL,48,1439.41
120420,slate lawn blanched medium green,Manufacturer#1,LARGE BURNISHED BRASS,24,1440.42
120421,papaya purple brown magenta medium,Manufacturer#1,PROMO ANODIZED BRASS,5,1441.42
120422,tan gainsboro grey navy cyan,Manufacturer#4,SMALL PLATED BRASS,45,1442.42
120423,almond sky cyan red burlywood,Manufacturer#2,SMALL POLISHED STEEL,33,1443.42
120424,khaki orchid chartreuse thistle navy,Manufacturer#5,PROMO POLISHED TIN,16,1444.42
120425,firebrick orange salmon indian rosy,Manufacturer#2,STANDARD BURNISHED TIN,42,1445.42
120426,almond lemon dark blue purple,Manufacturer#1,LARGE ANODIZED STEEL,44,1446.42
120427,goldenrod sienna forest spring powder,Manufacturer#3,STANDARD PLATED BRASS,4,1447.42
120428,gainsboro moccasin blue saddle bisque,Manufacturer#3,SMALL POLISHED STEEL,22,1448.42
120429,cream salmon smoke orchid lavender,Manufacturer#2,LARGE BURNISHED NICKEL,37,1449.42
120430,hot deep grey almond tomato,Manufacturer#2,PROMO BRUSHED COPPER,18,1450.43
120431,magenta lime pale forest burlywood,Manufacturer#5,PROMO POLISHED STEEL,27,1451.43
120432,cyan antique ivory tomato burnished,Manufacturer#5,PROMO POLISHED BRASS,44,1452.43
120433,moccasin brown azure cream seashell,Manufacturer#1,STANDARD BRUSHED BRASS,40,1453.43
120434,aquamarine steel linen salmon smoke,Manufacturer#2,SMALL POLISHED BRASS,36,1454.43
120435,indian dark wheat blue mint,Manufacturer#2,STANDARD POLISHED STEEL,1,1455.43
120436,rosy sandy sienna magenta peach,Manufacturer#3,SMALL ANODIZED STEEL,42,1456.43
120437,chartreuse saddle plum ghost spring,Manufacturer#1,ECONOMY ANODIZED STEEL,21,1457.43
120438,pale rosy burlywood smoke orchid,Manufacturer#5,MEDIUM POLISHED NICKEL,22,1458.43
120439,misty slate plum violet royal,Manufacturer#3,SMALL POLISHED NICKEL,38,1459.43
120440,hot coral blush navy pale,Manufacturer#3,PROMO BRUSHED COPPER,15,1460.44
120441,steel antique lime salmon maroon,Manufacturer#2,SMALL BRUSHED TIN,43,1461.44
120442,mint saddle chartreuse violet deep,Manufacturer#3,ECONOMY PLATED BRASS,10,1462.44
120443,navajo thistle almond chiffon tan,Manufacturer#3,STANDARD BURNISHED STEEL,39,1463.44
120444,peach drab antique seashell tan,Manufacturer#3,PROMO BRUSHED BRASS,18,1464.44
120445,khaki mint magenta papaya maroon,Manufacturer#4,SMALL PLATED STEEL,42,1465.44
120446,maroon midnight dark smoke misty,Manufacturer#4,STANDARD BURNISHED BRASS,17,1466.44
120447,pink tomato salmon blanched powder,Manufacturer#4,MEDIUM BURNISHED COPPER,4,1467.44
120448,cream steel black burnished sandy,Manufacturer#3,MEDIUM BURNISHED NICKEL,10,1468.44
120449,drab thistle red firebrick rose,Manufacturer#3,MEDIUM ANODIZED TIN,13,1469.44
120450,misty snow rose cornflower azure,Manufacturer#4,ECONOMY BURNISHED TIN,29,1470.45
120451,cream olive wheat misty saddle,Manufacturer#2,SMALL POLISHED BRASS,23,1471.45
120452,moccasin medium black snow rosy,Manufacturer#5,STANDARD ANODIZED NICKEL,7,1472.45
120453,royal goldenrod frosted aquamarine powder,Manufacturer#2,MEDIUM POLISHED NICKEL,8,1473.45
120454,dodger mint yellow hot ivory,Manufacturer#4,STANDARD POLISHED COPPER,22,1474.45
120455,honeydew floral orchid tan bisque,Manufacturer#5,LARGE BRUSHED NICKEL,21,1475.45
120456,goldenrod azure lime lace cornsilk,Manufacturer#5,MEDIUM ANODIZED COPPER,30,1476.45
120457,ivory sky beige lawn azure,Manufacturer#2,STANDARD BRUSHED COPPER,3,1477.45
120458,tan chocolate light smoke orange,Manufacturer#4,STANDARD PLATED COPPER,1,1478.45
120459,azure navajo gainsboro dark drab,Manufacturer#2,SMALL BURNISHED BRASS,50,1479.45
120460,burnished grey aquamarine green salmon,Manufacturer#2,PROMO ANODIZED TIN,24,1480.46
120461,ivory mint green linen wheat,Manufacturer#3,MEDIUM POLISHED NICKEL,25,1481.46
120462,coral light moccasin tomato burnished,Manufacturer#1,STANDARD PLATED STEEL,17,1482.46
120463,royal ivory pink ghost khaki,Manufacturer#1,LARGE PLATED STEEL,30,1483.46
120464,white lavender cornflower dark green,Manufacturer#1,SMALL POLISHED STEEL,29,1484.46
120465,blue navy purple cyan green,Manufacturer#1,STANDARD PLATED STEEL,35,1485.46
120466,dim linen snow lavender blush,Manufacturer#4,MEDIUM BURNISHED BRASS,47,1486.46
120467,salmon lavender aquamarine black ivory,Manufacturer#3,PROMO PLATED COPPER,44,1487.46
120468,snow lavender green cornflower rosy,Manufacturer#4,LARGE PLATED BRASS,47,1488.46
120469,red moccasin lawn bisque gainsboro,Manufacturer#4,PROMO BRUSHED COPPER,3,1489.46
120470,ivory ghost burlywood dim antique,Manufacturer#4,MEDIUM BRUSHED STEEL,3,1490.47
120471,lace peach slate almond tan,Manufacturer#4,STANDARD BRUSHED TIN,34,1491.47
120472,light almond navy floral pink,Manufacturer#1,STANDARD ANODIZED TIN,34,1492.47
120473,aquamarine red burlywood pale black,Manufacturer#5,LARGE BURNISHED COPPER,14,1493.47
120474,navy gainsboro white green lavender,Manufacturer#3,LARGE PLATED COPPER,4,1494.47
120475,sienna white violet drab pink,Manufacturer#4,STANDARD BRUSHED COPPER,41,1495.47
120476,steel firebrick antique misty puff,Manufacturer#5,SMALL ANODIZED STEEL,37,1496.47
120477,red sienna blue chartreuse pink,Manufacturer#5,LARGE PLATED COPPER,25,1497.47
120478,floral beige ghost spring deep,Manufacturer#1,MEDIUM POLISHED BRASS,27,1498.47
120479,peach moccasin puff chocolate burlywood,Manufacturer#2,ECONOMY ANODIZED TIN,3,1499.47
120480,dim dodger spring turquoise cornflower,Manufacturer#1,STANDARD BURNISHED NICKEL,41,1500.48
120481,metallic navajo smoke cream light,Manufacturer#4,MEDIUM PLATED NICKEL,27,1501.48
120482,lavender brown magenta gainsboro powder,Manufacturer#2,LARGE PLATED BRASS,50,1502.48
120483,lemon azure smoke misty sienna,Manufacturer#5,PROMO BURNISHED BRASS,28,1503.48
120484,moccasin coral chiffon cream violet,Manufacturer#1,STANDARD POLISHED BRASS,31,1504.48
120485,sandy drab slate metallic cyan,Manufacturer#4,STANDARD ANODIZED NICKEL,16,1505.48
120486,green gainsboro honeydew blush bisque,Manufacturer#1,ECONOMY ANODIZED STEEL,36,1506.48
120487,mint slate blush cornflower seashell,Manufacturer#5,ECONOMY POLISHED COPPER,32,1507.48
120488,ivory turquoise green navy brown,Manufacturer#3,ECONOMY PLATED STEEL,32,1508.48
120489,ghost goldenrod turquoise pale metallic,Manufacturer#1,MEDIUM BURNISHED TIN,42,1509.48
120490,wheat papaya magenta deep beige,Manufacturer#1,SMALL POLISHED BRASS,24,1510.49
120491,lawn sky khaki blue magenta,Manufacturer#3,MEDIUM BRUSHED COPPER,33,1511.49
120492,medium lime brown black dodger,Manufacturer#1,STANDARD ANODIZED NICKEL,5,1512.49
120493,linen slate yellow gainsboro sandy,Manufacturer#3,PROMO POLISHED NICKEL,6,1513.49
120494,frosted dodger peru tan plum,Manufacturer#5,SMALL PLATED BRASS,47,1514.49
120495,black tan forest magenta salmon,Manufacturer#1,ECONOMY POLISHED BRASS,36,1515.49
120496,peach moccasin blanched goldenrod burnished,Manufacturer#1,PROMO POLISHED NICKEL,41,1516.49
120497,magenta khaki tan orchid metallic,Manufacturer#2,MEDIUM PLATED TIN,3,1517.49
120498,forest salmon dark gainsboro slate,Manufacturer#2,STANDARD PLATED COPPER,15,1518.49
120499,violet snow pink tan red,Manufacturer#3,LARGE POLISHED NICKEL,17,1519.49
120500,dodger burlywood indian green chartreuse,Manufacturer#4,MEDIUM POLISHED COPPER,28,1520.50
