PRODUCT_ID,PRODUCT_NAME,MANUFACTURER,PRODUCT_TYPE,PROMOTION_TIER,TOTAL_REVENUE,TOTAL_UNITS,AVG_DISCOUNT_PCT
59446,green wheat orange burlywood yellow,Manufacturer#5,MEDIUM BRUSHED TIN,No Promotion,106813.44,76.00,0.00
184618,moccasin brown bisque ghost chiffon,Manufacturer#2,ECONOMY PLATED COPPER,No Promotion,18728.71,11.00,0.00
104826,lavender yellow azure orchid navy,Manufacturer#2,MEDIUM BURNISHED BRASS,No Promotion,71401.98,39.00,0.00
60889,rose blanched lemon slate misty,Manufacturer#5,ECONOMY PLATED COPPER,No Promotion,159089.68,86.00,0.00
81544,sandy red slate chocolate almond,Manufacturer#1,LARGE POLISHED STEEL,No Promotion,123568.74,81.00,0.00
66210,magenta red rosy plum turquoise,Manufacturer#1,ECONOMY ANODIZED BRASS,No Promotion,11762.10,10.00,0.00
27799,ghost cream smoke burnished tan,Manufacturer#5,ECONOMY POLISHED TIN,No Promotion,12087.53,7.00,0.00
185456,grey dodger honeydew pale peach,Manufacturer#2,SMALL BURNISHED STEEL,Medium Discount,79538.82,55.00,6.00
23823,honeydew peru purple white thistle,Manufacturer#1,ECONOMY BRUSHED STEEL,No Promotion,76860.08,44.00,0.00
71225,beige bisque peru cornflower blush,Manufacturer#1,PROMO BURNISHED STEEL,No Promotion,59811.00,50.00,0.00
121079,royal burlywood drab antique cyan,Manufacturer#5,SMALL POLISHED STEEL,No Promotion,57203.64,52.00,0.00
28594,peach deep navy orange sienna,Manufacturer#2,STANDARD POLISHED NICKEL,No Promotion,41109.93,27.00,0.00
181995,sandy rose tomato slate antique,Manufacturer#4,SMALL POLISHED STEEL,No Promotion,58155.72,28.00,0.00
164501,lavender white violet grey bisque,Manufacturer#1,LARGE ANODIZED STEEL,No Promotion,46965.00,30.00,0.00
144530,tomato coral hot cornflower dim,Manufacturer#3,LARGE ANODIZED BRASS,No Promotion,22043.42,14.00,0.00
109884,thistle lace rose saddle chartreuse,Manufacturer#5,SMALL BURNISHED COPPER,No Promotion,92800.12,49.00,0.00
168364,brown magenta sandy bisque maroon,Manufacturer#2,LARGE PLATED BRASS,No Promotion,67320.92,47.00,0.00
58593,tan smoke pale olive puff,Manufacturer#3,ECONOMY ANODIZED STEEL,No Promotion,62063.60,40.00,0.00
127193,burnished metallic red yellow smoke,Manufacturer#4,ECONOMY POLISHED COPPER,No Promotion,17082.66,14.00,0.00
112998,mint hot blush chartreuse lawn,Manufacturer#4,SMALL BRUSHED NICKEL,No Promotion,70384.65,35.00,0.00
180234,seashell cream grey chiffon black,Manufacturer#2,SMALL BURNISHED NICKEL,No Promotion,43369.59,33.00,0.00
10212,burnished snow pink ghost tan,Manufacturer#3,LARGE POLISHED COPPER,No Promotion,19077.57,17.00,0.00
136619,salmon firebrick orange gainsboro sienna,Manufacturer#4,STANDARD ANODIZED NICKEL,No Promotion,64568.79,39.00,0.00
104454,puff linen drab spring blanched,Manufacturer#5,STANDARD POLISHED COPPER,No Promotion,21876.75,15.00,0.00
4598,dim ivory goldenrod red metallic,Manufacturer#2,LARGE BRUSHED COPPER,No Promotion,27046.62,18.00,0.00
189219,linen grey aquamarine royal blush,Manufacturer#4,LARGE BRUSHED COPPER,No Promotion,45787.35,35.00,0.00
58098,burlywood antique peach dim purple,Manufacturer#2,MEDIUM ANODIZED NICKEL,No Promotion,11616.99,11.00,0.00
14730,lime burlywood wheat peru white,Manufacturer#1,ECONOMY POLISHED COPPER,No Promotion,55920.82,34.00,0.00
88906,lemon almond peach floral blanched,Manufacturer#2,PROMO BRUSHED NICKEL,No Promotion,39792.90,21.00,0.00
152273,medium lemon sky midnight ivory,Manufacturer#3,ECONOMY PLATED TIN,No Promotion,13252.70,10.00,0.00
84635,forest steel dodger orchid peach,Manufacturer#4,LARGE BURNISHED NICKEL,No Promotion,6478.52,4.00,0.00
75402,frosted rosy seashell green medium,Manufacturer#3,SMALL PLATED STEEL,No Promotion,44076.80,32.00,0.00
21389,wheat navajo bisque ghost lime,Manufacturer#4,MEDIUM BURNISHED COPPER,No Promotion,3931.14,3.00,0.00
35267,navy forest chocolate indian ivory,Manufacturer#2,ECONOMY BURNISHED COPPER,No Promotion,32461.02,27.00,0.00
93539,moccasin plum purple olive lace,Manufacturer#1,SMALL BRUSHED COPPER,No Promotion,4597.59,3.00,0.00
57727,smoke floral thistle sienna linen,Manufacturer#2,LARGE POLISHED STEEL,No Promotion,43802.72,26.00,0.00
143199,tan deep gainsboro mint midnight,Manufacturer#1,STANDARD BRUSHED NICKEL,No Promotion,18632.85,15.00,0.00
155628,powder light slate black ghost,Manufacturer#4,MEDIUM BURNISHED STEEL,No Promotion,102700.82,61.00,0.00
140713,grey thistle goldenrod pale azure,Manufacturer#2,ECONOMY ANODIZED BRASS,No Promotion,17537.10,10.00,0.00
33016,smoke moccasin cornflower khaki maroon,Manufacturer#2,MEDIUM BRUSHED NICKEL,No Promotion,29419.31,31.00,0.00
153667,blanched cyan turquoise papaya mint,Manufacturer#1,STANDARD POLISHED STEEL,No Promotion,110122.24,64.00,0.00
554,blue medium royal blush ghost,Manufacturer#5,STANDARD BRUSHED STEEL,No Promotion,40727.40,28.00,0.00
171603,lime forest chocolate royal lace,Manufacturer#1,STANDARD PLATED TIN,No Promotion,82055.40,49.00,0.00
99157,burlywood bisque lace steel maroon,Manufacturer#3,LARGE BRUSHED NICKEL,No Promotion,8093.05,7.00,0.00
47361,tomato magenta navy spring mint,Manufacturer#2,ECONOMY BRUSHED STEEL,No Promotion,15700.32,12.00,0.00
150095,steel lavender tan bisque papaya,Manufacturer#1,SMALL ANODIZED STEEL,No Promotion,56109.41,49.00,0.00
167932,blanched steel orchid lime violet,Manufacturer#5,PROMO BURNISHED COPPER,No Promotion,109996.15,55.00,0.00
161648,chartreuse metallic goldenrod pink violet,Manufacturer#3,MEDIUM ANODIZED STEEL,No Promotion,1709.64,1.00,0.00
130293,seashell turquoise powder rosy red,Manufacturer#3,MEDIUM BURNISHED BRASS,No Promotion,100570.04,76.00,0.00
180848,saddle chiffon violet wheat puff,Manufacturer#2,STANDARD BRUSHED COPPER,No Promotion,1928.84,1.00,0.00
45244,blush wheat metallic chartreuse cornflower,Manufacturer#5,MEDIUM POLISHED NICKEL,No Promotion,10703.16,9.00,0.00
112388,black deep rose blanched white,Manufacturer#4,STANDARD BURNISHED TIN,No Promotion,35009.50,25.00,0.00
25339,linen violet rosy misty magenta,Manufacturer#3,PROMO PLATED STEEL,No Promotion,1264.33,1.00,0.00
111810,white saddle black salmon wheat,Manufacturer#5,SMALL POLISHED STEEL,No Promotion,78337.83,43.00,0.00
57605,navy olive salmon puff pale,Manufacturer#5,LARGE PLATED TIN,No Promotion,15626.00,10.00,0.00
113140,navajo dark drab deep tan,Manufacturer#2,MEDIUM BRUSHED TIN,No Promotion,26522.22,23.00,0.00
14188,salmon plum maroon light thistle,Manufacturer#1,PROMO BURNISHED STEEL,No Promotion,22043.60,20.00,0.00
132828,lace navajo papaya linen puff,Manufacturer#5,MEDIUM POLISHED STEEL,No Promotion,18608.20,10.00,0.00
60316,hot powder dodger beige lime,Manufacturer#5,PROMO PLATED BRASS,No Promotion,38289.30,30.00,0.00
161033,beige brown frosted misty turquoise,Manufacturer#4,ECONOMY BRUSHED NICKEL,No Promotion,30632.84,28.00,0.00
28498,snow khaki lace salmon cyan,Manufacturer#4,SMALL BURNISHED NICKEL,No Promotion,4279.47,3.00,0.00
192069,peach navy olive lawn khaki,Manufacturer#2,PROMO POLISHED STEEL,No Promotion,49925.58,43.00,0.00
177732,khaki seashell indian navajo floral,Manufacturer#1,PROMO ANODIZED NICKEL,No Promotion,5429.19,3.00,0.00
51953,cream blush peach papaya royal,Manufacturer#1,LARGE PLATED BRASS,No Promotion,41908.90,22.00,0.00
37944,almond thistle blue azure dodger,Manufacturer#2,LARGE ANODIZED NICKEL,No Promotion,65867.90,35.00,0.00
156294,plum lawn deep khaki snow,Manufacturer#2,ECONOMY BURNISHED BRASS,No Promotion,47260.15,35.00,0.00
62776,floral violet steel aquamarine red,Manufacturer#1,PROMO BRUSHED COPPER,No Promotion,15648.93,9.00,0.00
120341,snow papaya peru seashell orange,Manufacturer#2,LARGE PLATED COPPER,No Promotion,35394.84,26.00,0.00
85699,puff cornsilk snow turquoise aquamarine,Manufacturer#2,PROMO PLATED NICKEL,Medium Discount,218403.20,137.00,5.80
38487,magenta red dark spring salmon,Manufacturer#4,ECONOMY PLATED COPPER,No Promotion,39913.44,28.00,0.00
144680,dodger cyan papaya violet drab,Manufacturer#2,PROMO ANODIZED NICKEL,No Promotion,31044.24,18.00,0.00
125934,cream coral maroon olive salmon,Manufacturer#3,LARGE POLISHED NICKEL,No Promotion,45078.39,23.00,0.00
44035,blush seashell peru black forest,Manufacturer#3,SMALL BRUSHED STEEL,No Promotion,47972.47,49.00,0.00
120876,coral rosy orchid red moccasin,Manufacturer#3,STANDARD POLISHED BRASS,No Promotion,153646.47,81.00,0.00
38830,thistle purple lace turquoise blanched,Manufacturer#4,MEDIUM BURNISHED STEEL,No Promotion,58371.39,33.00,0.00
171976,plum pale linen lemon salmon,Manufacturer#4,SMALL POLISHED STEEL,No Promotion,102398.50,50.00,0.00
26583,turquoise saddle goldenrod red rose,Manufacturer#2,PROMO PLATED BRASS,No Promotion,64911.94,43.00,0.00
43540,lawn dodger pink maroon sky,Manufacturer#3,PROMO PLATED NICKEL,No Promotion,7417.70,5.00,0.00
183252,rosy bisque violet almond aquamarine,Manufacturer#3,STANDARD PLATED BRASS,No Promotion,40057.50,30.00,0.00
59553,peru azure cornflower rosy slate,Manufacturer#1,PROMO BURNISHED BRASS,Low Discount,75582.12,51.00,2.33
183041,almond khaki antique blue saddle,Manufacturer#5,ECONOMY BURNISHED BRASS,No Promotion,49457.76,44.00,0.00
190161,papaya linen floral azure chartreuse,Manufacturer#4,SMALL BRUSHED BRASS,No Promotion,55051.04,44.00,0.00
66901,azure black pale yellow rose,Manufacturer#4,LARGE BRUSHED STEEL,No Promotion,78451.80,42.00,0.00
13031,moccasin wheat yellow cornflower blanched,Manufacturer#3,STANDARD BURNISHED COPPER,No Promotion,64194.04,68.00,0.00
111804,firebrick royal peru purple metallic,Manufacturer#4,STANDARD POLISHED STEEL,No Promotion,43579.20,24.00,0.00
182930,cornsilk beige aquamarine cornflower navy,Manufacturer#2,PROMO BRUSHED COPPER,No Promotion,50323.25,25.00,0.00
197177,sienna misty puff cream tan,Manufacturer#4,ECONOMY POLISHED TIN,No Promotion,29305.91,23.00,0.00
97029,medium burlywood tan plum floral,Manufacturer#2,ECONOMY BRUSHED TIN,No Promotion,50274.98,49.00,0.00
125503,red plum floral magenta green,Manufacturer#3,PROMO BURNISHED NICKEL,No Promotion,6114.00,4.00,0.00
90020,moccasin orchid lawn deep slate,Manufacturer#3,PROMO PLATED STEEL,No Promotion,44440.88,44.00,0.00
164315,coral lawn olive bisque tan,Manufacturer#3,PROMO POLISHED TIN,No Promotion,59310.33,43.00,0.00
187354,azure peach olive powder orange,Manufacturer#1,PROMO BRUSHED BRASS,No Promotion,50447.25,35.00,0.00
128594,floral tomato light royal magenta,Manufacturer#5,LARGE BURNISHED NICKEL,No Promotion,61658.42,38.00,0.00
77023,lemon misty moccasin tan linen,Manufacturer#1,SMALL POLISHED BRASS,No Promotion,20000.40,20.00,0.00
158460,floral grey sky sandy hot,Manufacturer#1,SMALL POLISHED NICKEL,No Promotion,22776.90,15.00,0.00
49154,orchid mint orange brown yellow,Manufacturer#4,LARGE PLATED BRASS,No Promotion,2206.30,2.00,0.00
114877,papaya ghost red light cream,Manufacturer#2,PROMO ANODIZED TIN,No Promotion,15134.96,8.00,0.00
137953,sandy azure maroon aquamarine dodger,Manufacturer#1,ECONOMY BRUSHED NICKEL,No Promotion,59728.50,30.00,0.00
177534,orchid magenta lavender white sandy,Manufacturer#3,SMALL BURNISHED BRASS,No Promotion,11280.71,7.00,0.00
132632,indian maroon floral black pale,Manufacturer#4,MEDIUM ANODIZED STEEL,No Promotion,44945.01,27.00,0.00
126914,maroon saddle khaki puff mint,Manufacturer#5,LARGE PLATED NICKEL,No Promotion,93163.68,48.00,0.00
120136,puff medium slate mint deep,Manufacturer#3,MEDIUM POLISHED TIN,No Promotion,101739.44,88.00,0.00
169930,lace sienna violet deep forest,Manufacturer#1,SMALL BRUSHED COPPER,No Promotion,15999.44,8.00,0.00
51789,ivory purple metallic lime grey,Manufacturer#1,STANDARD BRUSHED NICKEL,No Promotion,109669.14,63.00,0.00
106530,cyan ghost white spring powder,Manufacturer#3,LARGE BRUSHED STEEL,No Promotion,32267.13,21.00,0.00
167136,olive steel pale light drab,Manufacturer#1,ECONOMY POLISHED NICKEL,No Promotion,111891.09,93.00,0.00
49126,olive ghost purple blue orange,Manufacturer#2,PROMO BURNISHED BRASS,No Promotion,103211.52,96.00,0.00
15036,purple khaki lime gainsboro beige,Manufacturer#3,MEDIUM BRUSHED TIN,No Promotion,5706.18,6.00,0.00
45144,khaki bisque mint floral tomato,Manufacturer#2,STANDARD POLISHED NICKEL,No Promotion,75150.66,69.00,0.00
49543,dim navajo hot honeydew maroon,Manufacturer#2,STANDARD BRUSHED COPPER,No Promotion,53731.44,36.00,0.00
47068,ivory tan bisque midnight lace,Manufacturer#4,LARGE POLISHED NICKEL,No Promotion,36542.16,36.00,0.00
129281,medium floral ivory smoke plum,Manufacturer#3,PROMO PLATED TIN,No Promotion,57652.32,44.00,0.00
61495,black ivory antique green smoke,Manufacturer#4,SMALL BURNISHED STEEL,No Promotion,52433.64,36.00,0.00
173194,violet khaki blanched rose drab,Manufacturer#5,MEDIUM BRUSHED STEEL,High Discount,35747.43,31.00,9.00
162559,forest cream metallic honeydew blanched,Manufacturer#3,PROMO PLATED STEEL,No Promotion,32431.00,20.00,0.00
149337,burlywood grey navy firebrick orange,Manufacturer#2,PROMO POLISHED NICKEL,Medium Discount,53332.12,41.00,6.00
38379,burnished lime burlywood lawn rose,Manufacturer#1,MEDIUM BURNISHED BRASS,No Promotion,17125.81,13.00,0.00
93746,peru violet olive dim powder,Manufacturer#1,MEDIUM ANODIZED TIN,No Promotion,78288.30,45.00,0.00
41375,yellow lavender sandy navajo lime,Manufacturer#5,STANDARD ANODIZED STEEL,No Promotion,22378.29,17.00,0.00
123629,chocolate chiffon orange burnished ivory,Manufacturer#3,STANDARD ANODIZED TIN,No Promotion,77673.14,47.00,0.00
185750,papaya chocolate cornflower snow metallic,Manufacturer#1,PROMO POLISHED STEEL,No Promotion,47729.50,26.00,0.00
96873,misty lavender moccasin puff aquamarine,Manufacturer#5,PROMO PLATED STEEL,No Promotion,16828.83,9.00,0.00
71079,cream powder gainsboro magenta forest,Manufacturer#4,STANDARD ANODIZED BRASS,No Promotion,72454.83,69.00,0.00
33653,moccasin rosy cyan plum white,Manufacturer#5,PROMO ANODIZED BRASS,No Promotion,71399.25,45.00,0.00
91766,wheat honeydew turquoise olive tomato,Manufacturer#5,SMALL BURNISHED STEEL,No Promotion,56248.32,32.00,0.00
13823,plum rosy violet drab slate,Manufacturer#5,SMALL PLATED COPPER,No Promotion,48630.96,28.00,0.00
148375,coral burlywood saddle dark navy,Manufacturer#5,ECONOMY BURNISHED TIN,No Promotion,34160.88,24.00,0.00
118920,firebrick plum green cream dark,Manufacturer#1,PROMO BURNISHED NICKEL,No Promotion,50411.92,26.00,0.00
103861,blanched beige tan peru chiffon,Manufacturer#2,MEDIUM ANODIZED STEEL,No Promotion,93243.00,50.00,0.00
47190,cyan peach dodger chiffon papaya,Manufacturer#3,PROMO BRUSHED STEEL,No Promotion,46624.79,41.00,0.00
179807,firebrick beige slate medium powder,Manufacturer#4,PROMO ANODIZED STEEL,No Promotion,90566.40,48.00,0.00
109538,lime azure white lawn dark,Manufacturer#4,PROMO POLISHED COPPER,No Promotion,20117.89,13.00,0.00
178922,grey navajo beige lace dim,Manufacturer#2,MEDIUM BURNISHED COPPER,No Promotion,90041.40,45.00,0.00
185487,mint bisque firebrick salmon frosted,Manufacturer#3,SMALL PLATED NICKEL,No Promotion,75479.04,48.00,0.00
86754,lime pale tan beige mint,Manufacturer#3,ECONOMY BURNISHED BRASS,No Promotion,81815.25,47.00,0.00
76707,moccasin gainsboro firebrick blue pale,Manufacturer#4,STANDARD BRUSHED STEEL,No Promotion,65664.30,39.00,0.00
90933,metallic mint orange aquamarine slate,Manufacturer#5,MEDIUM BRUSHED BRASS,High Discount,48483.04,28.00,10.00
44982,powder misty bisque puff dim,Manufacturer#5,ECONOMY POLISHED NICKEL,No Promotion,30831.68,16.00,0.00
167003,wheat frosted cyan misty lavender,Manufacturer#5,LARGE PLATED TIN,No Promotion,14980.00,14.00,0.00
37647,lace gainsboro burnished honeydew hot,Manufacturer#2,SMALL PLATED BRASS,No Promotion,110924.80,70.00,0.00
197338,mint burlywood plum grey antique,Manufacturer#1,MEDIUM PLATED STEEL,No Promotion,21529.95,15.00,0.00
14174,moccasin rose smoke blanched blue,Manufacturer#3,ECONOMY BRUSHED STEEL,No Promotion,52232.16,48.00,0.00
84020,lace lemon saddle magenta burnished,Manufacturer#5,STANDARD BURNISHED STEEL,No Promotion,25100.50,25.00,0.00
74101,cornflower peru lace red plum,Manufacturer#3,LARGE ANODIZED BRASS,No Promotion,2150.20,2.00,0.00
115196,honeydew bisque cream turquoise ivory,Manufacturer#1,MEDIUM ANODIZED COPPER,No Promotion,44814.03,37.00,0.00
103679,red lawn chocolate burlywood peach,Manufacturer#3,STANDARD BURNISHED TIN,No Promotion,43749.42,26.00,0.00
37050,forest steel khaki violet magenta,Manufacturer#5,MEDIUM ANODIZED NICKEL,No Promotion,18753.95,19.00,0.00
131782,chartreuse red lime almond bisque,Manufacturer#5,MEDIUM POLISHED BRASS,No Promotion,126964.60,70.00,0.00
130515,light navajo peach cyan azure,Manufacturer#1,LARGE BURNISHED STEEL,No Promotion,71093.46,46.00,0.00
11741,ghost saddle yellow sky misty,Manufacturer#1,ECONOMY POLISHED TIN,No Promotion,82637.00,50.00,0.00
12079,purple lemon wheat cornflower burlywood,Manufacturer#4,PROMO PLATED COPPER,No Promotion,18830.33,19.00,0.00
140016,medium coral smoke ivory cornflower,Manufacturer#2,STANDARD BRUSHED TIN,No Promotion,51744.49,49.00,0.00
52035,floral slate yellow cornsilk brown,Manufacturer#3,LARGE PLATED STEEL,No Promotion,48364.47,49.00,0.00
153672,olive gainsboro midnight forest firebrick,Manufacturer#4,SMALL ANODIZED TIN,No Promotion,41416.08,24.00,0.00
22172,peach spring goldenrod lace peru,Manufacturer#4,SMALL BURNISHED NICKEL,No Promotion,15318.38,14.00,0.00
80492,cornsilk blue burlywood orange sienna,Manufacturer#1,PROMO BURNISHED NICKEL,No Promotion,53009.64,36.00,0.00
124652,pale dodger goldenrod tan burlywood,Manufacturer#4,ECONOMY PLATED BRASS,No Promotion,129102.05,77.00,0.00
106519,olive smoke sandy blush sky,Manufacturer#5,MEDIUM ANODIZED TIN,No Promotion,24408.16,16.00,0.00
56996,purple navajo rosy green bisque,Manufacturer#4,STANDARD BURNISHED COPPER,No Promotion,58589.70,30.00,0.00
182718,almond honeydew ivory dim orange,Manufacturer#2,PROMO BRUSHED NICKEL,No Promotion,19807.81,11.00,0.00
86809,violet indian pale smoke lace,Manufacturer#5,ECONOMY BRUSHED NICKEL,No Promotion,25141.20,14.00,0.00
163391,magenta orange plum royal green,Manufacturer#1,LARGE ANODIZED STEEL,No Promotion,39268.53,27.00,0.00
106627,rose gainsboro moccasin grey burnished,Manufacturer#2,LARGE BRUSHED TIN,No Promotion,37573.26,23.00,0.00
153904,midnight peru snow orange antique,Manufacturer#1,LARGE POLISHED COPPER,No Promotion,92021.30,47.00,0.00
133798,honeydew cornsilk lemon indian burlywood,Manufacturer#3,SMALL PLATED NICKEL,No Promotion,76935.18,42.00,0.00
74605,antique coral chiffon maroon goldenrod,Manufacturer#3,PROMO BRUSHED NICKEL,No Promotion,23694.00,15.00,0.00
186309,beige bisque chartreuse lime cream,Manufacturer#1,STANDARD PLATED NICKEL,No Promotion,39068.40,28.00,0.00
153795,frosted coral khaki sandy salmon,Manufacturer#1,ECONOMY BRUSHED NICKEL,No Promotion,194122.95,105.00,0.00
161988,aquamarine forest maroon metallic puff,Manufacturer#1,PROMO ANODIZED NICKEL,No Promotion,112748.90,55.00,0.00
129178,khaki peru ivory olive medium,Manufacturer#3,STANDARD BRUSHED TIN,No Promotion,30179.25,25.00,0.00
96630,linen ghost snow lemon papaya,Manufacturer#2,LARGE PLATED COPPER,No Promotion,76451.61,47.00,0.00
22384,slate lemon wheat steel saddle,Manufacturer#5,ECONOMY POLISHED TIN,Low Discount,106509.16,83.00,2.00
66987,sandy snow honeydew royal moccasin,Manufacturer#1,STANDARD POLISHED BRASS,No Promotion,72297.26,37.00,0.00
179040,navajo goldenrod gainsboro hot misty,Manufacturer#4,SMALL BRUSHED TIN,No Promotion,26856.96,24.00,0.00
123625,navajo goldenrod royal aquamarine sienna,Manufacturer#2,SMALL PLATED STEEL,No Promotion,51107.22,31.00,0.00
115990,pink turquoise olive sienna blue,Manufacturer#5,ECONOMY PLATED NICKEL,No Promotion,76227.62,38.00,0.00
3689,indian tomato burnished deep midnight,Manufacturer#5,SMALL PLATED TIN,No Promotion,31853.60,20.00,0.00
39932,beige powder frosted orchid steel,Manufacturer#5,MEDIUM BURNISHED NICKEL,No Promotion,16847.37,9.00,0.00
131276,medium peru steel rose hot,Manufacturer#1,PROMO PLATED BRASS,No Promotion,50983.53,39.00,0.00
177574,smoke snow white floral green,Manufacturer#3,ECONOMY POLISHED NICKEL,No Promotion,138731.88,84.00,0.00
96460,ghost linen firebrick tomato violet,Manufacturer#4,ECONOMY BURNISHED COPPER,No Promotion,62627.78,43.00,0.00
115759,blue maroon steel sandy hot,Manufacturer#5,MEDIUM PLATED STEEL,No Promotion,14198.00,8.00,0.00
97763,sandy slate dodger chartreuse salmon,Manufacturer#3,LARGE PLATED NICKEL,No Promotion,33454.44,19.00,0.00
180051,azure cyan burlywood cream wheat,Manufacturer#5,STANDARD BRUSHED STEEL,No Promotion,45242.00,40.00,0.00
197458,cornsilk drab lavender pale saddle,Manufacturer#2,SMALL ANODIZED STEEL,No Promotion,12443.60,8.00,0.00
128103,rose peru tomato medium royal,Manufacturer#5,PROMO BRUSHED NICKEL,No Promotion,11311.00,10.00,0.00
5553,black tomato burlywood papaya hot,Manufacturer#2,LARGE ANODIZED COPPER,No Promotion,51049.25,35.00,0.00
165322,dim indian spring grey blush,Manufacturer#3,LARGE PLATED COPPER,No Promotion,15260.52,11.00,0.00
130579,puff mint chiffon bisque yellow,Manufacturer#2,STANDARD BRUSHED NICKEL,No Promotion,22533.98,14.00,0.00
139098,lace metallic frosted aquamarine thistle,Manufacturer#4,PROMO ANODIZED STEEL,No Promotion,7959.63,7.00,0.00
116918,mint misty coral rose tan,Manufacturer#1,ECONOMY POLISHED STEEL,No Promotion,160597.53,83.00,0.00
65414,pale goldenrod lavender blue ivory,Manufacturer#4,SMALL ANODIZED TIN,No Promotion,45520.53,33.00,0.00
114509,slate lime midnight chartreuse hot,Manufacturer#2,SMALL BRUSHED NICKEL,No Promotion,47228.50,31.00,0.00
96593,steel plum honeydew firebrick ghost,Manufacturer#1,PROMO ANODIZED BRASS,No Promotion,65173.19,41.00,0.00
50489,grey white wheat goldenrod peru,Manufacturer#5,PROMO ANODIZED COPPER,No Promotion,133871.64,93.00,0.00
468,spring grey azure khaki lace,Manufacturer#4,MEDIUM BURNISHED STEEL,No Promotion,35579.96,26.00,0.00
194497,antique aquamarine turquoise thistle brown,Manufacturer#1,ECONOMY BRUSHED STEEL,No Promotion,47744.70,30.00,0.00
80861,tan aquamarine orchid deep maroon,Manufacturer#2,PROMO POLISHED COPPER,No Promotion,174976.70,95.00,0.00
196297,olive sienna pink blush lemon,Manufacturer#3,STANDARD BRUSHED NICKEL,No Promotion,29259.09,21.00,0.00
118716,coral moccasin orange spring tomato,Manufacturer#4,LARGE ANODIZED STEEL,No Promotion,29490.07,17.00,0.00
2520,aquamarine tan salmon metallic grey,Manufacturer#3,LARGE ANODIZED TIN,Medium Discount,38365.36,29.00,7.00
20391,indian orange drab purple misty,Manufacturer#4,MEDIUM POLISHED NICKEL,No Promotion,18359.46,14.00,0.00
144629,magenta midnight moccasin metallic azure,Manufacturer#2,LARGE ANODIZED NICKEL,No Promotion,18409.82,11.00,0.00
105033,coral maroon aquamarine cream blanched,Manufacturer#3,MEDIUM PLATED NICKEL,No Promotion,24912.72,24.00,0.00
177352,violet lemon cornsilk cyan metallic,Manufacturer#4,MEDIUM BRUSHED BRASS,No Promotion,10005.45,7.00,0.00
120841,deep burlywood chocolate navajo tomato,Manufacturer#5,ECONOMY ANODIZED COPPER,No Promotion,68888.08,37.00,0.00
69417,midnight maroon seashell lemon olive,Manufacturer#1,SMALL ANODIZED BRASS,No Promotion,16636.92,12.00,0.00
93911,saddle blush chartreuse salmon lime,Manufacturer#2,SMALL BRUSHED STEEL,No Promotion,66671.85,35.00,0.00
197035,blanched yellow maroon moccasin ghost,Manufacturer#4,MEDIUM ANODIZED TIN,No Promotion,50941.35,45.00,0.00
169273,white orange green papaya dodger,Manufacturer#3,MEDIUM PLATED COPPER,No Promotion,25503.13,19.00,0.00
102629,pale royal orange peach bisque,Manufacturer#1,PROMO POLISHED COPPER,No Promotion,96265.58,59.00,0.00
42610,orange maroon floral burlywood frosted,Manufacturer#2,LARGE BURNISHED TIN,No Promotion,13973.49,9.00,0.00
60528,tan white chiffon pale azure,Manufacturer#5,LARGE ANODIZED TIN,No Promotion,35724.48,24.00,0.00
139766,chiffon ivory indian burlywood black,Manufacturer#3,PROMO BURNISHED BRASS,No Promotion,36115.20,20.00,0.00
92283,thistle tomato forest honeydew olive,Manufacturer#2,MEDIUM POLISHED NICKEL,No Promotion,45910.08,36.00,0.00
51715,antique spring mint deep chiffon,Manufacturer#3,MEDIUM BRUSHED TIN,No Promotion,23333.94,14.00,0.00
75651,cornsilk light floral spring misty,Manufacturer#3,PROMO PLATED NICKEL,No Promotion,149651.80,92.00,0.00
11145,cyan dark antique blue seashell,Manufacturer#5,PROMO POLISHED TIN,No Promotion,13729.82,13.00,0.00
21164,pink cornsilk cream white lace,Manufacturer#1,PROMO POLISHED STEEL,No Promotion,13021.92,12.00,0.00
67506,bisque brown cornsilk cream forest,Manufacturer#3,LARGE POLISHED TIN,No Promotion,57466.50,39.00,0.00
123792,snow navy medium maroon pink,Manufacturer#2,LARGE BURNISHED BRASS,No Promotion,23605.27,13.00,0.00
155366,orchid cream peach magenta bisque,Manufacturer#4,STANDARD ANODIZED STEEL,No Promotion,62539.84,44.00,0.00
96982,almond chiffon cyan violet maroon,Manufacturer#3,PROMO BRUSHED NICKEL,No Promotion,45516.54,23.00,0.00
34674,thistle steel deep royal green,Manufacturer#2,PROMO ANODIZED COPPER,No Promotion,32173.40,20.00,0.00
78592,cornflower wheat powder lime orange,Manufacturer#1,PROMO BRUSHED BRASS,No Promotion,78529.50,50.00,0.00
129692,magenta seashell mint violet grey,Manufacturer#2,LARGE POLISHED NICKEL,No Promotion,8608.45,5.00,0.00
129891,blanched light maroon burnished deep,Manufacturer#2,LARGE PLATED STEEL,No Promotion,92202.72,48.00,0.00
12419,sky snow rosy black peru,Manufacturer#3,SMALL BURNISHED TIN,No Promotion,39942.30,30.00,0.00
169335,steel burlywood ghost papaya pink,Manufacturer#3,ECONOMY ANODIZED COPPER,No Promotion,84259.80,60.00,0.00
118370,sky ghost cyan brown pale,Manufacturer#2,STANDARD BURNISHED BRASS,No Promotion,47204.58,34.00,0.00
137701,navajo lime hot mint coral,Manufacturer#5,SMALL PLATED BRASS,No Promotion,88673.70,51.00,0.00
192609,peach chocolate almond sienna floral,Manufacturer#5,PROMO BRUSHED NICKEL,No Promotion,25524.00,15.00,0.00
60314,dodger yellow seashell dark floral,Manufacturer#4,SMALL BRUSHED NICKEL,No Promotion,36954.99,29.00,0.00
89713,honeydew beige white coral black,Manufacturer#4,ECONOMY POLISHED TIN,No Promotion,34054.20,20.00,0.00
111069,azure ghost metallic moccasin misty,Manufacturer#3,STANDARD ANODIZED TIN,No Promotion,5400.30,5.00,0.00
168202,saddle cyan tan rosy medium,Manufacturer#5,STANDARD POLISHED NICKEL,No Promotion,62239.80,49.00,0.00
141212,pink blanched tan honeydew olive,Manufacturer#3,MEDIUM ANODIZED COPPER,No Promotion,56394.45,45.00,0.00
167752,hot thistle azure bisque lemon,Manufacturer#1,ECONOMY PLATED TIN,High Discount,3348.34,2.00,8.00
173303,rose burnished midnight honeydew salmon,Manufacturer#5,PROMO BRUSHED TIN,No Promotion,61933.50,45.00,0.00
132843,tomato olive turquoise dark azure,Manufacturer#5,ECONOMY POLISHED COPPER,No Promotion,61902.72,33.00,0.00
10290,slate deep black frosted lemon,Manufacturer#5,PROMO BURNISHED BRASS,No Promotion,16804.06,14.00,0.00
127313,ghost goldenrod dodger navy chocolate,Manufacturer#5,STANDARD POLISHED STEEL,No Promotion,52272.09,39.00,0.00
32006,floral tomato olive cream coral,Manufacturer#3,MEDIUM POLISHED STEEL,No Promotion,49714.00,53.00,0.00
194857,navajo floral grey burlywood dodger,Manufacturer#1,SMALL POLISHED COPPER,No Promotion,206896.10,106.00,0.00
39785,lime white moccasin puff green,Manufacturer#5,PROMO POLISHED STEEL,No Promotion,81064.66,47.00,0.00
126941,steel plum lavender black blush,Manufacturer#3,SMALL PLATED BRASS,No Promotion,123980.22,63.00,0.00
66060,tan moccasin salmon deep dark,Manufacturer#1,PROMO PLATED TIN,No Promotion,34886.04,34.00,0.00
39531,dark honeydew mint ivory sienna,Manufacturer#3,SMALL PLATED TIN,No Promotion,69114.91,47.00,0.00
173177,light peach violet hot turquoise,Manufacturer#5,MEDIUM PLATED TIN,No Promotion,51256.97,41.00,0.00
169891,drab chiffon light salmon metallic,Manufacturer#4,ECONOMY POLISHED NICKEL,No Promotion,35296.02,18.00,0.00
82783,bisque navajo firebrick frosted white,Manufacturer#3,PROMO PLATED BRASS,High Discount,34114.87,21.00,8.00
156631,violet red antique dark papaya,Manufacturer#1,MEDIUM BURNISHED TIN,No Promotion,59067.05,35.00,0.00
89936,chiffon cornsilk magenta light dodger,Manufacturer#3,LARGE PLATED COPPER,No Promotion,80889.06,42.00,0.00
32049,cornflower beige violet bisque green,Manufacturer#3,ECONOMY PLATED COPPER,No Promotion,44146.80,45.00,0.00
91956,mint black rose pale steel,Manufacturer#2,PROMO POLISHED COPPER,No Promotion,146096.25,75.00,0.00
81388,red goldenrod thistle lavender grey,Manufacturer#4,SMALL ANODIZED TIN,No Promotion,5477.52,4.00,0.00
153816,hot blanched sienna honeydew tomato,Manufacturer#4,MEDIUM BURNISHED TIN,No Promotion,61703.73,33.00,0.00
91585,metallic chiffon deep cornflower peach,Manufacturer#2,PROMO BRUSHED NICKEL,No Promotion,14189.22,9.00,0.00
168952,burnished aquamarine midnight sky spring,Manufacturer#2,SMALL BURNISHED COPPER,No Promotion,80838.00,40.00,0.00
66883,linen ivory dim yellow cream,Manufacturer#3,MEDIUM POLISHED NICKEL,Medium Discount,17573.86,10.00,5.00
17973,grey sienna olive dodger lace,Manufacturer#2,STANDARD ANODIZED TIN,No Promotion,175860.21,93.00,0.00
137471,plum seashell burlywood maroon green,Manufacturer#3,PROMO BURNISHED TIN,No Promotion,120677.60,80.00,0.00
124040,chocolate olive green orchid chiffon,Manufacturer#5,ECONOMY BURNISHED NICKEL,No Promotion,50009.88,47.00,0.00
182557,maroon floral powder frosted pale,Manufacturer#3,SMALL ANODIZED COPPER,No Promotion,54105.15,33.00,0.00
41090,burnished ivory blue chiffon red,Manufacturer#2,SMALL ANODIZED COPPER,No Promotion,16497.44,16.00,0.00
24092,azure lace metallic pink cream,Manufacturer#4,MEDIUM PLATED BRASS,No Promotion,5080.45,5.00,0.00
7318,beige rose moccasin orange aquamarine,Manufacturer#1,STANDARD BRUSHED NICKEL,Medium Discount,155455.08,135.00,6.00
95423,yellow turquoise goldenrod navy steel,Manufacturer#1,PROMO ANODIZED STEEL,No Promotion,22694.72,16.00,0.00
160910,navajo slate forest khaki midnight,Manufacturer#5,SMALL POLISHED BRASS,No Promotion,98545.50,50.00,0.00
97554,floral navajo sky puff drab,Manufacturer#5,LARGE PLATED NICKEL,No Promotion,41891.85,27.00,0.00
153747,dark goldenrod blush grey hot,Manufacturer#1,PROMO BRUSHED BRASS,No Promotion,79232.56,44.00,0.00
8916,lace beige wheat frosted ivory,Manufacturer#3,SMALL POLISHED TIN,No Promotion,133218.43,73.00,0.00
48721,mint khaki blue tomato thistle,Manufacturer#3,MEDIUM PLATED TIN,No Promotion,3339.44,2.00,0.00
134615,maroon plum olive dark navajo,Manufacturer#4,SMALL PLATED STEEL,No Promotion,82480.50,50.00,0.00
37166,tomato olive lawn orange lemon,Manufacturer#5,STANDARD ANODIZED TIN,No Promotion,47435.88,43.00,0.00
158297,misty beige turquoise lace smoke,Manufacturer#2,SMALL POLISHED TIN,No Promotion,4065.87,3.00,0.00
149492,navy orchid antique brown navajo,Manufacturer#1,STANDARD POLISHED COPPER,No Promotion,63201.09,41.00,0.00
35839,aquamarine pale seashell navy ghost,Manufacturer#5,PROMO BRUSHED COPPER,High Discount,17766.05,11.00,9.00
63627,brown sandy steel wheat beige,Manufacturer#3,ECONOMY BURNISHED TIN,No Promotion,20678.06,13.00,0.00
160429,red navajo green lemon steel,Manufacturer#1,SMALL PLATED COPPER,No Promotion,55108.54,37.00,0.00
141962,peru azure powder hot linen,Manufacturer#4,SMALL POLISHED COPPER,No Promotion,26051.48,13.00,0.00
7014,khaki tan firebrick aquamarine rosy,Manufacturer#3,STANDARD BRUSHED COPPER,No Promotion,31314.34,34.00,0.00
194713,navy honeydew grey cyan olive,Manufacturer#3,PROMO ANODIZED COPPER,No Promotion,28923.36,16.00,0.00
185192,coral linen hot sky thistle,Manufacturer#1,MEDIUM PLATED COPPER,No Promotion,53641.98,42.00,0.00
176498,pale lace steel lawn mint,Manufacturer#2,PROMO BRUSHED TIN,No Promotion,15744.90,10.00,0.00
30229,goldenrod sandy blue gainsboro violet,Manufacturer#4,ECONOMY BURNISHED NICKEL,No Promotion,33617.38,29.00,0.00
124019,burlywood goldenrod olive frosted royal,Manufacturer#5,SMALL PLATED STEEL,No Promotion,4172.04,4.00,0.00
137525,sky peru indian tomato maroon,Manufacturer#3,ECONOMY ANODIZED NICKEL,No Promotion,29687.88,19.00,0.00
141457,salmon ghost tomato spring steel,Manufacturer#3,LARGE PLATED BRASS,No Promotion,40458.15,27.00,0.00
92268,cornflower chartreuse rosy dim coral,Manufacturer#1,SMALL PLATED TIN,No Promotion,51670.66,41.00,0.00
102644,deep steel metallic plum beige,Manufacturer#3,LARGE ANODIZED STEEL,No Promotion,26346.24,16.00,0.00
87844,lace khaki royal red thistle,Manufacturer#1,ECONOMY PLATED BRASS,No Promotion,60450.72,33.00,0.00
139928,antique puff beige floral burlywood,Manufacturer#3,ECONOMY PLATED NICKEL,No Promotion,41326.32,21.00,0.00
21656,moccasin snow indian sandy sienna,Manufacturer#1,SMALL BURNISHED BRASS,No Promotion,15776.50,10.00,0.00
96302,puff violet seashell goldenrod red,Manufacturer#2,ECONOMY BURNISHED COPPER,No Promotion,29860.90,23.00,0.00
139871,smoke red brown peru linen,Manufacturer#3,PROMO BURNISHED NICKEL,No Promotion,42039.14,22.00,0.00
21951,papaya rose lawn spring moccasin,Manufacturer#4,PROMO BRUSHED BRASS,No Promotion,11237.70,6.00,0.00
24681,firebrick burlywood orchid chocolate plum,Manufacturer#5,SMALL PLATED COPPER,No Promotion,30507.92,19.00,0.00
119567,rosy azure black smoke goldenrod,Manufacturer#2,SMALL BRUSHED COPPER,No Promotion,84087.68,53.00,0.00
44163,burlywood mint floral ivory navajo,Manufacturer#5,SMALL BURNISHED NICKEL,No Promotion,46500.72,42.00,0.00
87294,royal tan chiffon olive plum,Manufacturer#3,SMALL ANODIZED COPPER,No Promotion,29469.67,23.00,0.00
116169,turquoise lavender steel orange burlywood,Manufacturer#3,STANDARD POLISHED TIN,No Promotion,24888.36,21.00,0.00
167675,light cornsilk peru ghost firebrick,Manufacturer#5,SMALL PLATED STEEL,No Promotion,8713.35,5.00,0.00
86669,orange powder blanched coral thistle,Manufacturer#4,ECONOMY BRUSHED TIN,No Promotion,66226.40,40.00,0.00
187927,sandy peru khaki magenta burlywood,Manufacturer#2,STANDARD PLATED TIN,No Promotion,72537.12,36.00,0.00
91451,beige sandy purple mint plum,Manufacturer#1,ECONOMY POLISHED NICKEL,No Promotion,62025.35,43.00,0.00
32898,rosy honeydew white spring maroon,Manufacturer#5,PROMO BURNISHED COPPER,No Promotion,27463.35,15.00,0.00
62096,sky bisque purple ivory midnight,Manufacturer#5,STANDARD BURNISHED BRASS,No Promotion,14813.26,14.00,0.00
98195,orchid lavender blue puff sienna,Manufacturer#5,PROMO BURNISHED COPPER,No Promotion,17897.85,15.00,0.00
175699,almond lemon deep firebrick navajo,Manufacturer#5,PROMO BRUSHED BRASS,No Promotion,88734.50,50.00,0.00
248,drab aquamarine red papaya pale,Manufacturer#1,SMALL PLATED BRASS,No Promotion,51670.80,45.00,0.00
122664,indian olive steel azure firebrick,Manufacturer#2,STANDARD BRUSHED NICKEL,No Promotion,28673.22,17.00,0.00
43797,dim firebrick blue forest violet,Manufacturer#4,SMALL BRUSHED BRASS,No Promotion,3481.58,2.00,0.00
17651,deep cyan seashell slate spring,Manufacturer#2,PROMO PLATED COPPER,No Promotion,58040.05,37.00,0.00
81883,tan indian papaya frosted moccasin,Manufacturer#1,PROMO PLATED COPPER,No Promotion,65270.80,35.00,0.00
109777,firebrick rosy turquoise blanched smoke,Manufacturer#5,MEDIUM BRUSHED BRASS,No Promotion,83978.19,47.00,0.00
198212,chiffon navy papaya azure honeydew,Manufacturer#3,SMALL POLISHED NICKEL,No Promotion,41926.72,32.00,0.00
154605,aquamarine orange honeydew dark burnished,Manufacturer#1,STANDARD ANODIZED STEEL,No Promotion,13276.80,8.00,0.00
91033,azure aquamarine lime royal olive,Manufacturer#1,LARGE PLATED NICKEL,No Promotion,41985.23,41.00,0.00
99676,olive azure coral dim deep,Manufacturer#5,STANDARD POLISHED TIN,No Promotion,43567.42,26.00,0.00
68523,olive khaki floral spring slate,Manufacturer#1,PROMO PLATED STEEL,No Promotion,59660.80,40.00,0.00
1654,turquoise lemon deep chiffon red,Manufacturer#2,SMALL BURNISHED TIN,No Promotion,3111.30,2.00,0.00
181584,orange cornflower chiffon sky light,Manufacturer#3,LARGE BURNISHED TIN,No Promotion,33311.60,20.00,0.00
20662,forest powder gainsboro lemon chiffon,Manufacturer#2,STANDARD POLISHED STEEL,No Promotion,41149.16,26.00,0.00
33965,white ivory goldenrod navy misty,Manufacturer#1,LARGE PLATED BRASS,No Promotion,93049.04,49.00,0.00
29493,chocolate ivory coral almond khaki,Manufacturer#3,ECONOMY ANODIZED NICKEL,No Promotion,52632.13,37.00,0.00
8104,sandy blue pink cornflower peru,Manufacturer#2,ECONOMY BURNISHED STEEL,No Promotion,15181.50,15.00,0.00
24576,violet tan grey coral medium,Manufacturer#5,LARGE PLATED COPPER,No Promotion,66025.08,44.00,0.00
165255,turquoise lawn navy salmon rose,Manufacturer#4,SMALL POLISHED TIN,No Promotion,11882.25,9.00,0.00
105821,saddle burlywood salmon linen wheat,Manufacturer#3,MEDIUM PLATED COPPER,No Promotion,158933.34,87.00,0.00
1946,deep chocolate wheat blue floral,Manufacturer#3,MEDIUM BURNISHED BRASS,No Promotion,68373.78,37.00,0.00
27859,frosted orchid peru antique green,Manufacturer#2,LARGE PLATED COPPER,No Promotion,142948.00,80.00,0.00
62833,light peru dodger burnished olive,Manufacturer#2,PROMO BRUSHED COPPER,No Promotion,35916.60,20.00,0.00
163022,dim tomato ghost seashell sandy,Manufacturer#4,PROMO BRUSHED BRASS,No Promotion,24955.46,23.00,0.00
18422,blue gainsboro misty floral frosted,Manufacturer#5,STANDARD POLISHED NICKEL,No Promotion,64340.16,48.00,0.00
3939,papaya chocolate lavender goldenrod metallic,Manufacturer#3,STANDARD BURNISHED NICKEL,No Promotion,22115.16,12.00,0.00
139156,metallic antique goldenrod burlywood cream,Manufacturer#5,ECONOMY POLISHED COPPER,No Promotion,10756.35,9.00,0.00
70676,bisque saddle lavender khaki burnished,Manufacturer#5,PROMO PLATED BRASS,No Promotion,55986.78,34.00,0.00
11451,chocolate papaya mint grey burnished,Manufacturer#2,SMALL BURNISHED STEEL,No Promotion,46323.30,34.00,0.00
183551,chiffon cyan mint orchid lawn,Manufacturer#4,LARGE POLISHED COPPER,High Discount,109580.24,74.00,9.33
191739,green honeydew yellow maroon cyan,Manufacturer#2,ECONOMY ANODIZED BRASS,No Promotion,71398.47,39.00,0.00
16292,lavender cyan rosy dim frosted,Manufacturer#5,LARGE PLATED TIN,No Promotion,12082.90,10.00,0.00
18595,moccasin green blush royal spring,Manufacturer#3,MEDIUM ANODIZED TIN,No Promotion,7567.95,5.00,0.00
193341,peach frosted light firebrick ghost,Manufacturer#3,LARGE BRUSHED TIN,No Promotion,71717.00,50.00,0.00
145853,red ghost honeydew blush cornflower,Manufacturer#5,MEDIUM BURNISHED BRASS,No Promotion,7595.40,4.00,0.00
107925,linen rose puff slate green,Manufacturer#1,STANDARD ANODIZED NICKEL,No Promotion,56054.68,29.00,0.00
135392,brown seashell goldenrod ghost lemon,Manufacturer#1,STANDARD PLATED NICKEL,No Promotion,71369.50,50.00,0.00
191726,medium orange antique green snow,Manufacturer#5,ECONOMY BURNISHED NICKEL,No Promotion,90886.00,50.00,0.00
8775,papaya dark cream beige floral,Manufacturer#5,SMALL PLATED COPPER,Medium Discount,73580.75,46.00,5.00
89561,aquamarine drab azure blush firebrick,Manufacturer#4,PROMO ANODIZED NICKEL,No Promotion,32561.76,21.00,0.00
162510,navajo midnight forest goldenrod rose,Manufacturer#1,LARGE PLATED COPPER,No Promotion,150960.96,96.00,0.00
39679,chocolate salmon blush white olive,Manufacturer#5,STANDARD POLISHED NICKEL,No Promotion,67984.14,42.00,0.00
160055,gainsboro green dodger steel hot,Manufacturer#4,PROMO BRUSHED BRASS,No Promotion,47947.15,43.00,0.00
121167,lime maroon pale yellow indian,Manufacturer#2,MEDIUM POLISHED STEEL,No Promotion,59408.00,50.00,0.00
135715,cream burlywood wheat magenta white,Manufacturer#4,STANDARD ANODIZED TIN,No Promotion,89286.21,51.00,0.00
33723,metallic olive peach medium puff,Manufacturer#3,LARGE BURNISHED TIN,No Promotion,69582.24,42.00,0.00
66268,sandy dark brown saddle almond,Manufacturer#4,PROMO POLISHED STEEL,No Promotion,41964.84,34.00,0.00
198229,seashell spring salmon wheat goldenrod,Manufacturer#4,LARGE BURNISHED COPPER,No Promotion,50434.36,38.00,0.00
121929,cornflower tan lavender lemon royal,Manufacturer#4,MEDIUM BURNISHED COPPER,No Promotion,40969.32,21.00,0.00
110405,burlywood violet purple mint chartreuse,Manufacturer#3,PROMO POLISHED BRASS,High Discount,17834.04,14.00,10.00
166975,honeydew bisque salmon cornsilk plum,Manufacturer#2,STANDARD BRUSHED BRASS,No Promotion,157231.69,77.00,0.00
160992,salmon beige gainsboro brown forest,Manufacturer#2,STANDARD PLATED TIN,No Promotion,73907.64,36.00,0.00
36707,powder forest yellow maroon olive,Manufacturer#1,SMALL BURNISHED NICKEL,No Promotion,49311.00,30.00,0.00
123098,red medium chiffon light lace,Manufacturer#3,SMALL POLISHED BRASS,No Promotion,28027.25,25.00,0.00
177540,turquoise moccasin khaki purple navy,Manufacturer#5,PROMO PLATED TIN,No Promotion,35585.88,22.00,0.00
3393,wheat tomato forest floral light,Manufacturer#2,PROMO POLISHED TIN,No Promotion,2592.78,2.00,0.00
1328,steel cyan maroon thistle peach,Manufacturer#1,ECONOMY PLATED COPPER,No Promotion,7375.92,6.00,0.00
136533,metallic sandy smoke dim frosted,Manufacturer#4,MEDIUM BURNISHED TIN,No Promotion,78476.50,50.00,0.00
127315,hot royal navajo blue white,Manufacturer#4,ECONOMY PLATED STEEL,No Promotion,79196.29,59.00,0.00
45104,chiffon gainsboro steel tan orchid,Manufacturer#4,LARGE PLATED COPPER,No Promotion,4196.40,4.00,0.00
106366,lawn sandy pink antique turquoise,Manufacturer#4,MEDIUM POLISHED BRASS,High Discount,13737.32,11.00,9.00
178053,red brown coral aquamarine rose,Manufacturer#1,PROMO BRUSHED TIN,No Promotion,27145.20,24.00,0.00
84736,mint puff moccasin coral honeydew,Manufacturer#2,PROMO ANODIZED NICKEL,No Promotion,22369.49,13.00,0.00
122881,grey saddle sienna thistle aquamarine,Manufacturer#4,STANDARD ANODIZED NICKEL,No Promotion,87578.48,46.00,0.00
135462,misty orchid yellow blanched saddle,Manufacturer#1,SMALL PLATED STEEL,No Promotion,88350.14,59.00,0.00
137869,burnished goldenrod yellow snow plum,Manufacturer#1,LARGE BRUSHED COPPER,No Promotion,15254.88,8.00,0.00
67029,medium tomato yellow sienna chiffon,Manufacturer#1,LARGE PLATED TIN,No Promotion,13944.28,14.00,0.00
33237,turquoise midnight tomato chiffon firebrick,Manufacturer#2,STANDARD ANODIZED COPPER,No Promotion,52660.35,45.00,0.00
185410,deep indian ivory tomato red,Manufacturer#4,STANDARD PLATED STEEL,No Promotion,41871.48,28.00,0.00
185935,lawn royal beige white lemon,Manufacturer#1,ECONOMY PLATED COPPER,No Promotion,101046.50,50.00,0.00
58254,moccasin lawn aquamarine salmon blue,Manufacturer#2,STANDARD PLATED STEEL,No Promotion,16971.50,14.00,0.00
115255,indian midnight floral tomato powder,Manufacturer#2,STANDARD BRUSHED TIN,No Promotion,38107.50,30.00,0.00
74976,seashell aquamarine cornflower burlywood forest,Manufacturer#1,ECONOMY ANODIZED COPPER,No Promotion,9754.85,5.00,0.00
150161,violet frosted pink royal lime,Manufacturer#4,PROMO POLISHED BRASS,No Promotion,76303.08,63.00,0.00
150818,spring wheat indian royal red,Manufacturer#2,ECONOMY PLATED BRASS,No Promotion,93440.50,50.00,0.00
44959,sky chiffon royal almond gainsboro,Manufacturer#1,SMALL BRUSHED BRASS,No Promotion,17135.55,9.00,0.00
59974,navajo peru midnight orchid linen,Manufacturer#2,PROMO PLATED COPPER,No Promotion,32877.49,17.00,0.00
32862,navy indian olive yellow antique,Manufacturer#3,SMALL BURNISHED STEEL,Medium Discount,43399.71,26.00,7.00
33267,deep frosted blush almond beige,Manufacturer#5,SMALL POLISHED COPPER,No Promotion,7201.56,6.00,0.00
96228,grey aquamarine powder plum beige,Manufacturer#2,ECONOMY PLATED TIN,No Promotion,46520.36,38.00,0.00
38271,powder turquoise blue lace spring,Manufacturer#4,SMALL BURNISHED BRASS,No Promotion,12092.70,10.00,0.00
83115,moccasin forest purple frosted sandy,Manufacturer#5,ECONOMY BRUSHED COPPER,No Promotion,7686.77,7.00,0.00
128714,cornsilk white olive ivory puff,Manufacturer#4,LARGE BURNISHED NICKEL,No Promotion,73193.82,42.00,0.00
47896,plum khaki midnight cornflower green,Manufacturer#4,LARGE PLATED NICKEL,No Promotion,14751.12,8.00,0.00
198306,ivory chartreuse slate floral sky,Manufacturer#4,LARGE POLISHED NICKEL,Medium Discount,31681.01,24.00,6.00
162004,lawn cornsilk tomato navy spring,Manufacturer#1,MEDIUM POLISHED STEEL,No Promotion,23452.00,22.00,0.00
42775,deep drab green sandy navajo,Manufacturer#5,STANDARD BURNISHED BRASS,No Promotion,84170.73,49.00,0.00
85688,saddle azure salmon magenta cream,Manufacturer#5,STANDARD BURNISHED BRASS,No Promotion,5021.04,3.00,0.00
136417,cyan sky cornflower cornsilk pink,Manufacturer#4,PROMO PLATED COPPER,No Promotion,45055.71,31.00,0.00
64177,spring khaki sienna metallic seashell,Manufacturer#3,SMALL BURNISHED STEEL,No Promotion,49070.31,43.00,0.00
82288,gainsboro spring coral turquoise olive,Manufacturer#4,STANDARD POLISHED STEEL,No Promotion,50811.20,40.00,0.00
40705,metallic navy peach steel almond,Manufacturer#2,MEDIUM BURNISHED STEEL,High Discount,36337.06,24.00,8.00
61637,sienna chiffon red almond dodger,Manufacturer#3,LARGE BRUSHED BRASS,No Promotion,52754.79,33.00,0.00
127767,gainsboro misty medium drab grey,Manufacturer#1,PROMO BURNISHED BRASS,No Promotion,57432.32,32.00,0.00
195406,burnished brown puff chiffon wheat,Manufacturer#4,PROMO PLATED BRASS,No Promotion,18016.80,12.00,0.00
99517,misty papaya burlywood olive dim,Manufacturer#3,SMALL POLISHED COPPER,No Promotion,25780.67,17.00,0.00
73747,turquoise indian hot drab sky,Manufacturer#3,PROMO BURNISHED STEEL,No Promotion,27531.84,16.00,0.00
173183,lemon sky linen seashell black,Manufacturer#5,STANDARD ANODIZED COPPER,No Promotion,94213.50,75.00,0.00
57144,floral cornflower lime aquamarine chocolate,Manufacturer#2,LARGE BRUSHED NICKEL,No Promotion,6606.84,6.00,0.00
137420,blue olive forest white wheat,Manufacturer#1,ECONOMY PLATED NICKEL,No Promotion,61211.64,42.00,0.00
7019,blush yellow blue aquamarine saddle,Manufacturer#1,STANDARD POLISHED BRASS,No Promotion,3704.04,4.00,0.00
74777,sienna puff royal medium black,Manufacturer#3,STANDARD ANODIZED NICKEL,No Promotion,82333.19,47.00,0.00
103302,misty peach tan burlywood turquoise,Manufacturer#3,SMALL BURNISHED TIN,No Promotion,37853.70,29.00,0.00
81006,burnished beige snow cream dark,Manufacturer#3,SMALL BURNISHED STEEL,No Promotion,29610.00,30.00,0.00
1350,black firebrick navy beige peach,Manufacturer#1,MEDIUM BRUSHED COPPER,No Promotion,102610.70,82.00,0.00
123481,blush aquamarine plum almond salmon,Manufacturer#3,SMALL POLISHED STEEL,No Promotion,48143.36,32.00,0.00
151406,steel violet orange powder sienna,Manufacturer#2,SMALL POLISHED COPPER,No Promotion,10201.80,7.00,0.00
163178,goldenrod blush cyan tan deep,Manufacturer#1,ECONOMY PLATED STEEL,No Promotion,3723.51,3.00,0.00
187356,misty honeydew coral firebrick steel,Manufacturer#4,ECONOMY ANODIZED NICKEL,No Promotion,41857.15,29.00,0.00
58152,sky gainsboro violet hot chocolate,Manufacturer#3,MEDIUM BURNISHED BRASS,No Promotion,38855.25,35.00,0.00
55064,linen cornsilk royal cornflower aquamarine,Manufacturer#3,ECONOMY BURNISHED COPPER,No Promotion,26495.56,26.00,0.00
151978,lawn peru burlywood deep red,Manufacturer#1,LARGE BURNISHED TIN,No Promotion,71048.95,35.00,0.00
126055,lawn ghost puff pale almond,Manufacturer#4,STANDARD BURNISHED STEEL,No Promotion,12972.60,12.00,0.00
126576,thistle forest brown rosy black,Manufacturer#4,SMALL ANODIZED STEEL,No Promotion,41666.82,26.00,0.00
61609,navy firebrick light dark olive,Manufacturer#5,STANDARD BRUSHED NICKEL,No Promotion,59682.80,38.00,0.00
75068,steel chartreuse peach gainsboro rosy,Manufacturer#5,LARGE POLISHED NICKEL,No Promotion,21904.26,21.00,0.00
121599,turquoise lace lime forest brown,Manufacturer#4,LARGE BURNISHED TIN,No Promotion,16205.90,10.00,0.00
156721,pink yellow aquamarine misty beige,Manufacturer#5,SMALL BRUSHED BRASS,No Promotion,67553.36,38.00,0.00
60458,rosy mint forest cornflower ivory,Manufacturer#5,LARGE ANODIZED TIN,No Promotion,2836.90,2.00,0.00
76277,chartreuse cornflower pale forest ghost,Manufacturer#2,LARGE PLATED STEEL,No Promotion,18799.05,15.00,0.00
181605,azure green sandy violet khaki,Manufacturer#2,PROMO POLISHED COPPER,No Promotion,74210.40,44.00,0.00
144650,black smoke peru seashell green,Manufacturer#2,STANDARD PLATED BRASS,No Promotion,6778.60,4.00,0.00
57304,peru orchid firebrick rosy moccasin,Manufacturer#4,SMALL BRUSHED TIN,No Promotion,40361.60,32.00,0.00
37734,light wheat black cyan hot,Manufacturer#3,SMALL BURNISHED TIN,Medium Discount,207394.82,132.00,6.00
169133,rose chiffon sandy cream blue,Manufacturer#5,MEDIUM PLATED TIN,No Promotion,48085.20,40.00,0.00
33211,cyan saddle beige papaya peach,Manufacturer#3,LARGE BURNISHED COPPER,No Promotion,16018.94,14.00,0.00
118503,honeydew almond deep antique cornsilk,Manufacturer#4,LARGE BRUSHED TIN,No Promotion,66946.00,44.00,0.00
45412,navy lavender orchid khaki puff,Manufacturer#2,STANDARD POLISHED NICKEL,No Promotion,43437.12,32.00,0.00
107305,metallic drab cornflower coral green,Manufacturer#3,PROMO PLATED COPPER,No Promotion,57741.20,44.00,0.00
60009,gainsboro midnight red antique peru,Manufacturer#5,ECONOMY ANODIZED COPPER,No Promotion,70737.00,73.00,0.00
115268,navajo blanched blush hot green,Manufacturer#4,SMALL PLATED TIN,No Promotion,10266.08,8.00,0.00
36005,almond cornflower lemon purple forest,Manufacturer#2,PROMO BURNISHED COPPER,No Promotion,15056.00,16.00,0.00
29156,moccasin lace dim brown lawn,Manufacturer#5,LARGE PLATED COPPER,Medium Discount,75190.05,74.00,6.50
6335,lime burnished purple lemon linen,Manufacturer#3,ECONOMY BURNISHED TIN,No Promotion,60825.17,49.00,0.00
161817,tan navajo yellow frosted ghost,Manufacturer#4,STANDARD BRUSHED BRASS,Medium Discount,151713.91,85.00,5.00
160163,azure ivory red linen spring,Manufacturer#5,ECONOMY ANODIZED STEEL,No Promotion,12231.60,10.00,0.00
100563,burnished midnight powder ghost lawn,Manufacturer#1,ECONOMY POLISHED TIN,No Promotion,50033.92,32.00,0.00
151771,ghost forest black olive orange,Manufacturer#5,SMALL ANODIZED NICKEL,No Promotion,18227.70,10.00,0.00
79283,gainsboro sky yellow grey steel,Manufacturer#3,ECONOMY PLATED TIN,No Promotion,41655.24,33.00,0.00
23519,puff deep saddle maroon light,Manufacturer#1,SMALL PLATED STEEL,No Promotion,10097.57,7.00,0.00
23622,cornflower rosy chocolate gainsboro blanched,Manufacturer#4,STANDARD POLISHED COPPER,No Promotion,85009.10,55.00,0.00
185677,orange navajo violet beige forest,Manufacturer#4,SMALL BURNISHED TIN,No Promotion,10576.02,6.00,0.00
74661,antique lavender seashell aquamarine gainsboro,Manufacturer#4,LARGE ANODIZED BRASS,No Promotion,8178.30,5.00,0.00
42175,salmon royal forest grey light,Manufacturer#1,SMALL ANODIZED TIN,No Promotion,45803.97,41.00,0.00
94307,blue saddle burlywood spring steel,Manufacturer#4,PROMO BRUSHED TIN,No Promotion,39039.00,30.00,0.00
185004,sandy peru papaya brown navajo,Manufacturer#4,SMALL ANODIZED TIN,No Promotion,50094.00,46.00,0.00
139384,dark medium lace chocolate almond,Manufacturer#2,ECONOMY BURNISHED COPPER,No Promotion,58358.58,41.00,0.00
29713,peach metallic bisque seashell cornsilk,Manufacturer#2,ECONOMY POLISHED BRASS,No Promotion,55852.14,34.00,0.00
181091,frosted linen green chocolate white,Manufacturer#4,SMALL ANODIZED BRASS,No Promotion,50399.87,43.00,0.00
173613,red steel white olive dodger,Manufacturer#2,PROMO BRUSHED TIN,No Promotion,60717.96,36.00,0.00
11742,floral rosy thistle blue green,Manufacturer#1,SMALL POLISHED NICKEL,No Promotion,76072.04,46.00,0.00
154504,orchid thistle cornsilk olive chartreuse,Manufacturer#1,LARGE POLISHED BRASS,No Promotion,1558.50,1.00,0.00
99529,beige moccasin dim chiffon thistle,Manufacturer#3,ECONOMY POLISHED COPPER,No Promotion,33627.44,22.00,0.00
75266,misty red medium ivory thistle,Manufacturer#3,MEDIUM BURNISHED NICKEL,No Promotion,11171.34,9.00,0.00
129507,cream forest firebrick khaki coral,Manufacturer#2,STANDARD POLISHED COPPER,No Promotion,52241.00,34.00,0.00
73732,lawn coral midnight peach purple,Manufacturer#2,LARGE POLISHED TIN,No Promotion,85286.50,50.00,0.00
136955,cornflower purple antique salmon metallic,Manufacturer#2,SMALL BRUSHED STEEL,No Promotion,73702.15,37.00,0.00
57709,rose lace pink chocolate rosy,Manufacturer#2,MEDIUM PLATED STEEL,No Promotion,20000.40,12.00,0.00
58389,orange indian green pink black,Manufacturer#4,ECONOMY POLISHED COPPER,No Promotion,48505.68,36.00,0.00
144709,blue blush black olive thistle,Manufacturer#1,PROMO BRUSHED COPPER,No Promotion,45596.20,26.00,0.00
196083,drab burnished pale forest grey,Manufacturer#3,ECONOMY POLISHED COPPER,No Promotion,7074.48,6.00,0.00
2498,light mint lace linen tomato,Manufacturer#4,STANDARD BRUSHED NICKEL,No Promotion,56019.60,40.00,0.00
151328,salmon hot peach wheat red,Manufacturer#4,MEDIUM ANODIZED TIN,No Promotion,1379.32,1.00,0.00
153804,burlywood green lavender antique black,Manufacturer#3,PROMO POLISHED BRASS,No Promotion,111468.00,60.00,0.00
9819,smoke honeydew orchid almond lime,Manufacturer#5,STANDARD POLISHED TIN,No Promotion,153864.09,89.00,0.00
116453,pale thistle aquamarine khaki tomato,Manufacturer#4,STANDARD POLISHED NICKEL,No Promotion,35266.80,24.00,0.00
126429,mint brown grey white cornsilk,Manufacturer#5,STANDARD BURNISHED STEEL,No Promotion,11643.36,8.00,0.00
155444,honeydew yellow olive cornflower purple,Manufacturer#4,SMALL BRUSHED COPPER,No Promotion,16493.84,11.00,0.00
164072,deep gainsboro lawn orange cyan,Manufacturer#3,PROMO ANODIZED COPPER,No Promotion,30673.89,27.00,0.00
103107,goldenrod light rose gainsboro lime,Manufacturer#2,STANDARD PLATED BRASS,No Promotion,17761.60,16.00,0.00
40922,red tan sandy forest lace,Manufacturer#1,STANDARD PLATED TIN,No Promotion,48435.92,26.00,0.00
171697,sandy lime blue beige medium,Manufacturer#1,PROMO POLISHED STEEL,No Promotion,74284.98,42.00,0.00
134846,turquoise powder cyan violet blue,Manufacturer#4,STANDARD BURNISHED TIN,No Promotion,69591.08,37.00,0.00
55100,sky burnished gainsboro forest steel,Manufacturer#3,MEDIUM BRUSHED BRASS,No Promotion,12661.20,12.00,0.00
198098,lavender chartreuse misty lemon smoke,Manufacturer#3,STANDARD BRUSHED STEEL,No Promotion,5980.45,5.00,0.00
11952,burlywood green pink peach lace,Manufacturer#5,MEDIUM ANODIZED COPPER,No Promotion,5591.85,3.00,0.00
70678,salmon goldenrod burlywood blanched plum,Manufacturer#5,ECONOMY POLISHED BRASS,No Promotion,75838.82,46.00,0.00
166308,steel slate orchid chocolate lavender,Manufacturer#3,ECONOMY PLATED TIN,No Promotion,111318.30,81.00,0.00
126330,saddle aquamarine tan cornsilk lemon,Manufacturer#2,LARGE ANODIZED TIN,Medium Discount,17659.42,14.00,7.00
61034,powder tan olive gainsboro green,Manufacturer#4,STANDARD BRUSHED STEEL,No Promotion,40796.23,41.00,0.00
152047,black burlywood sky salmon blue,Manufacturer#3,LARGE PLATED STEEL,No Promotion,30773.12,28.00,0.00
18602,plum maroon chartreuse slate coral,Manufacturer#5,LARGE BRUSHED BRASS,No Promotion,86674.20,57.00,0.00
44370,lace saddle cornsilk misty maroon,Manufacturer#4,PROMO ANODIZED COPPER,No Promotion,98577.75,75.00,0.00
79217,antique brown linen coral misty,Manufacturer#2,STANDARD BRUSHED STEEL,No Promotion,45455.98,38.00,0.00
88502,coral rosy purple navy linen,Manufacturer#3,ECONOMY ANODIZED STEEL,No Promotion,7452.50,5.00,0.00
137590,bisque saddle sienna red rosy,Manufacturer#4,PROMO PLATED NICKEL,No Promotion,61848.42,38.00,0.00
59761,khaki red turquoise metallic green,Manufacturer#5,PROMO BURNISHED COPPER,No Promotion,113570.16,66.00,0.00
34554,firebrick tomato green lavender peach,Manufacturer#3,SMALL PLATED STEEL,No Promotion,19351.15,13.00,0.00
109214,peru peach frosted hot pale,Manufacturer#5,LARGE ANODIZED STEEL,No Promotion,12232.10,10.00,0.00
192343,grey puff purple tan blush,Manufacturer#1,STANDARD ANODIZED STEEL,No Promotion,150710.70,105.00,0.00
