C_CUSTKEY,C_NAME,C_ADDRESS,C_NATIONKEY,C_PHONE,C_ACCTBAL,C_MKTSEGMENT,C_COMMENT
60001,Customer#000060001,9Ii4zQn9cX,14,24-678-784-9652,9957.56,HOUSEHOLD,l theodolites boost slyly at the platelets: permanently ironic packages wake slyly pend
60002,Customer#000060002,ThGBMjDwKzkoOxhz,15,25-782-500-8435,742.46,BUILDING, beans. fluffily regular packages
60003,Customer#000060003,"Ed hbPtTXMTAsgGhCr4HuTzK,Md2",16,26-859-847-7640,2526.92,BUILDING,fully pending deposits sleep quickly. blithely unusual accounts across the blithely bold requests are quickly
60004,Customer#000060004,"NivCT2RVaavl,yUnKwBjDyMvB42WayXCnky",10,20-573-674-7999,7975.22,AUTOMOBILE, furiously above the ironic packages. slyly brave ideas boost. final platelets detect according to the ironi
60005,Customer#000060005,"1F3KM3ccEXEtI, B22XmCMOWJMl",12,22-741-208-1316,2504.74,MACHINERY,express instructions sleep quickly. ironic braids cajole furiously fluffily p
60006,Customer#000060006,3isiXW651fa8p ,22,32-618-195-8029,9051.40,MACHINERY, carefully quickly even theodolites. boldly 
60007,Customer#000060007,"sp6KJmx,TiSWbMPvhkQwFwTuhSi4a5OLNImpcGI",12,22-491-919-9470,6017.17,FURNITURE,bold packages. regular sheaves mold. blit
60008,Customer#000060008,3VteHZYOfbgQioA96tUeL0R7i,2,12-693-562-7122,5621.44,AUTOMOBILE,"nal courts. carefully regular Tiresias lose quickly unusual packages. regular, bold i"
60009,Customer#000060009,S60sNpR6wnacPBLeOxjxhvehf,9,19-578-776-2699,9548.01,FURNITURE,efully even dependencies haggle furiously along the express packages. final requests boost
60010,Customer#000060010,c4vEEaV1tdqLdw2oVuXp BN,21,31-677-809-6961,3497.91,HOUSEHOLD,"fter the quickly silent requests. slyly special theodolites along the even, even requests boos"
60011,Customer#000060011,"Y GqUG1QEdWr8 zkApzAXLkjOe,XMnJvV6,",8,18-421-991-6811,3422.48,BUILDING,se carefully even deposits. carefully pending requests cajole furiously p
60012,Customer#000060012,q2JnIlgSVKxmu4be,23,33-106-408-1520,671.60,FURNITURE,ly. furiously regular deposits haggle about the carefully thin packages. carefull
60013,Customer#000060013,i3t71FC4ucTs8fIEfmPwJky,0,10-394-817-3861,-485.69,MACHINERY,ecial foxes are blithely fluffily even pinto beans. ironic accounts boost. blithely regular packages h
60014,Customer#000060014,4PiiMY zaWY1W4hVpXEzdkRQrskLaq,16,26-322-873-9166,7932.15,FURNITURE,ic ideas along the bold packages u
60015,Customer#000060015,B8yKNFkXHwpxjlVkt,9,19-719-262-9343,4622.39,FURNITURE,unts. blithely special excuses haggle slyly express theodolites. quietly unusual packages sleep sly
60016,Customer#000060016,"i5JCEL8FRYSLvOs1Lkqn30a,1jherLDP",2,12-259-973-3236,4480.97,HOUSEHOLD,"ongside of the final, pending dolphins? final theodolites ha"
60017,Customer#000060017,kBV62efx6B6Iw2VsRxqEr1sKQ,1,11-139-952-4191,3653.17,AUTOMOBILE,inal packages. ironic dinos cajole against the care
60018,Customer#000060018,lQ8PB9FGW53C36XQX2uq0,0,10-310-354-8579,5759.83,BUILDING,ckly bold deposits. carefully bold accounts integrat
60019,Customer#000060019,kSI6njhnR ApXo031vtmCAaXo,1,11-624-666-9689,3444.77,MACHINERY,ncies. blithely silent gifts above the carefully 
60020,Customer#000060020,JlAdCcLE8wEqFc0,15,25-432-919-9170,1187.30,FURNITURE,equests use slyly after the ironic accounts. regular deposits haggle. ironically unusual theod
60021,Customer#000060021,KsKuSbEyZEenCWB7F1uMaOm54bciBqZfU,5,15-729-930-2564,9919.51,HOUSEHOLD,ake slyly around the permanently final deposits. furio
60022,Customer#000060022,"I2XoZQLC,63R3zIG z6i3VMCS",0,10-513-498-1045,-759.74,FURNITURE, across the blithely ironic sentiments. thinly pending requests sleep quickly alongsid
60023,Customer#000060023,"xW88V4b5xKDArlo0qP,z XmrcQ R",21,31-806-887-2010,-12.97,MACHINERY, the fluffily final somas. ideas haggle above the quickly final requ
60024,Customer#000060024,7JBly7LjGnzGYfJCcPeyIoqIwWda,2,12-100-286-8418,-6.64,HOUSEHOLD,r ideas use. slyly special accounts haggle sometimes even 
60025,Customer#000060025,fHgT5BscCU4NDQzn,22,32-222-885-5210,7296.15,MACHINERY, pains cajole slyly permanently regular deposits. carefully ruthless packages sleep. even excuses nag slyly!
60026,Customer#000060026,",ltdh6LPkAX01E,y8r9",21,31-774-338-9389,7508.13,FURNITURE,quests nag quickly. slyly unusual deposits after the blithely i
60027,Customer#000060027,"U,Y EKzklGgxO9HK4uT2g",24,34-250-415-3801,6115.22,MACHINERY,s. ironic packages are carefully slyly unusual excuse
60028,Customer#000060028,qoxXSl3gyR5EnAsp,6,16-234-762-4451,3494.99,FURNITURE,e the quickly unusual theodolites cajole slyly blithely r
60029,Customer#000060029,"5xZC76MsijD,s0i137ZP, DHyiw7kSS1HZ35kos3",14,24-983-762-4152,9281.15,FURNITURE,"longside of the ironic, regular foxes. carefully special ideas across the q"
60030,Customer#000060030,Z83eL7JAqUtvICQpzurfi,21,31-255-824-1782,6397.50,MACHINERY,"le quickly even ideas. final, pending accounts try to sleep. sl"
60031,Customer#000060031,RsGAZJyxQopaxWfk5,8,18-381-736-7702,6765.74,FURNITURE,cial deposits. ironic requests across the iro
60032,Customer#000060032,ODYUHV1 EEwTKPxjqraz8Qj 7,16,26-327-503-7376,2896.86,MACHINERY,"ecial, final asymptotes. quickly brave "
60033,Customer#000060033,fwvb5ua8ZcB,24,34-142-708-2404,-493.59,MACHINERY,lithely final packages. quickly regular requests s
60034,Customer#000060034, XHRzdojlNAuRjTNRn7A1aL9OYJj56nud1sVss,14,24-991-831-7826,7230.69,AUTOMOBILE,"sts. final packages along the daringly bold ideas haggle blithely slyly careful requests. unusual, bold as"
60035,Customer#000060035,"pNlmNfCzO8VyidrSxb1,xLDVe72pA8AaSgjM",13,23-458-688-7730,7189.50,MACHINERY,"ular pinto beans thrash after the instructions. bold, express dolphins affix. blithely regular attainments use furi"
60036,Customer#000060036,uS6mnAgdAJxYUXHKV6pJeA,12,22-567-329-8836,7897.90,AUTOMOBILE,refully ironic foxes use blithely arou
60037,Customer#000060037,CwMXJOZEIpfMBG Ou8i,4,14-558-867-3263,1032.42,MACHINERY," regular, slow asymptotes cajole carefully after the even packages. regular ex"
60038,Customer#000060038, FBvBksLyQsKovVujfq8XQ,7,17-472-497-4468,2771.18,HOUSEHOLD,"g ideas about the express, special asymptotes wake fluffily special, bold asymptotes. blithel"
60039,Customer#000060039,4ueytKAS57U k9mT,10,20-568-367-3870,-765.42,MACHINERY,"ular theodolites. special ideas wake. express, unusual dependencies cajole furiously ironic packages. furio"
60040,Customer#000060040,7h5ewM0d9iNA,4,14-208-209-8223,3446.78,MACHINERY,"ronic platelets. unusual, final foxes"
60041,Customer#000060041,"7v,yuEy1eSGCIR",8,18-726-365-9334,1943.82,FURNITURE,elets haggle furiously after the regular depend
60042,Customer#000060042,ISIiBHlZbYLcKvjENUzOujxtpesZkn6d,17,27-877-618-6057,8681.96,BUILDING,ptotes. furiously special accounts wake quickly carefully final deposits. blithe deposits besides the fi
60043,Customer#000060043,6SLQTGRhNJBKEJl9aekego5iwHgy,0,10-115-238-4882,737.03,HOUSEHOLD,"sly final requests use furiously along the stealthily final excuses. express, even accounts"
60044,Customer#000060044,h0Pq22NKefS3TAEzNX pwRXnRMUbIbi4Gg,4,14-935-681-4749,-812.91,FURNITURE,ly alongside of the final requests. ironic pains across the deposits affix slyly agains
60045,Customer#000060045,tdK8K5oQAv 65 8dBXSVqlkaVTi1yGQ212OIhdw,1,11-324-301-1077,8388.11,AUTOMOBILE," the furiously regular requests detect alongside of the blithely final packages. silent, pending deposits "
60046,Customer#000060046,VnzEPMAo8c9UxMI6,20,30-318-671-3782,1022.57,AUTOMOBILE, carefully unusual packages boost carefully across the furious
60047,Customer#000060047,"FETxgdO1 Nn,HkjnlMNx3dvUrM4qMlf",2,12-721-745-5342,2264.76,HOUSEHOLD,nding accounts sleep furiously c
60048,Customer#000060048,72pgkyyStsx2,8,18-277-123-4299,1798.13,HOUSEHOLD,egular deposits. fluffily careful requ
60049,Customer#000060049,2ST732JS cryl ,9,19-228-258-6362,2128.83,BUILDING,"es: express pinto beans wake across the carefully dogged dependencies. express, final ideas a"
60050,Customer#000060050,"gGFB2vQ,gT2gRGSSDE",16,26-622-811-1720,5181.99,FURNITURE, carefully bold deposits are after the carefully regular instructions. ideas about the ironic requests are ironic
60051,Customer#000060051,7a962hQWerXSv2Ku7o,14,24-197-875-9602,4737.58,FURNITURE,"ilent, unusual accounts cajole slyly. blithely silent requests detect even deposits. fi"
60052,Customer#000060052,"jygrlXgrjEIaVsH14eKreo,ldCsK",16,26-331-160-8399,4515.17,HOUSEHOLD,"pecial deposits sleep. bold, special accounts haggle ironically slyly even packages. blithely pending packages are"
60053,Customer#000060053,wb0gteUavl1MPAHwiM,0,10-684-354-3580,6515.51,FURNITURE,ly courts. fluffy packages wake furiously alongside of the always unusual dep
60054,Customer#000060054,0QdjbAzlkzIeMDMZIbo9r1hIIDL9ha9FZpu sGlT,13,23-863-828-6238,-861.62,HOUSEHOLD,"ost bold ideas. blithely bold pains according to the special, regular dolphins "
60055,Customer#000060055,XkEd61ySvE933LKafILNEH SkdC36eftDuo4Yji,10,20-477-978-6479,3725.35,MACHINERY,ctions print slyly furiously regular asymptotes. quickly special theodolites
60056,Customer#000060056,"2lvoe8n8b1,PJ0i3Jq9ZKeL7rH9Fahsui36",3,13-221-847-3701,8880.28,BUILDING,fully furiously even deposits. final accounts nag
60057,Customer#000060057,ic 8HeykoYS,2,12-739-799-1858,984.87,MACHINERY,"ng packages. unusual, thin accounts sleep carefully final"
60058,Customer#000060058,"X9NS,0Ddki",23,33-146-680-6559,6672.12,MACHINERY,ess requests. special requests wake blit
60059,Customer#000060059,"dZISBokE9NWaz13 b5WbOHrd8DifA,e2yict0",24,34-348-323-9173,2337.46,HOUSEHOLD,"ndencies. excuses sleep. quickly daring dugouts cajole furiously. carefully final accounts across the final, bold"
60060,Customer#000060060,Kj69nQ7CnmBmQyiBPXDU7qnXLo59CX,6,16-197-125-7396,2636.07,HOUSEHOLD,"odolites. bold, final foxes after the slyly careful instructions wake f"
60061,Customer#000060061,vYxaVWbpszoT8qQBdaizgWRSQGe,14,24-289-526-7060,5349.63,BUILDING,onic foxes nag blithely slyly express foxes. blithely fina
60062,Customer#000060062,"1SI,x4F9 zO22 F7OGksMBSUWu5AUpP",0,10-604-525-3386,6210.99,FURNITURE,ons cajole blithely. bold theodolites along
60063,Customer#000060063,6hWeL1r3Jv5uD4SKwNvx4,16,26-239-393-4870,7191.47,HOUSEHOLD,ven packages haggle above the carefully regular accounts. carefully silent theodolites det
60064,Customer#000060064,mAUZ1TMU3IZZlVrL1azR dfua8WLHay4QzMOrR5,9,19-918-643-8328,8026.04,AUTOMOBILE,pecial accounts among the fluffily even packages n
60065,Customer#000060065,AJT1hcmeo67Oyv3QOnGge2FUI72Fd07Rbp2ABF,17,27-870-969-8066,9757.39,BUILDING,fily carefully unusual accounts. blithe deposits wake furiously.
60066,Customer#000060066,YKVkOby6gVWFSzqRr,9,19-551-529-4706,2472.24,BUILDING,after the carefully ironic decoys serve about the carefully ironic deposits. quickly special waters beli
60067,Customer#000060067,"LC9126Kz5Xl5yGn5Wz3E,JJeBeFMiB",4,14-490-596-5723,1874.19,HOUSEHOLD,ts wake alongside of the carefully silent pinto beans. slyly ironic decoys cajole quickly. qu
60068,Customer#000060068,"nXabPtwJBxlxb,0edpFf",23,33-906-135-1500,4492.81,HOUSEHOLD,uriously even accounts use furiously carefully ironic pack
60069,Customer#000060069,Z9walBtm2U,5,15-165-422-7207,4656.11,AUTOMOBILE, foxes. carefully ironic deposits grow. furiously bold pains against the quickly even ideas are above the theodolite
60070,Customer#000060070,QzLuEO1eycweThJRdA4p3gl92,12,22-662-740-1529,-726.59,HOUSEHOLD,ependencies above the slyly ironic accounts use furiously regular packages. furiously pe
60071,Customer#000060071,5OpD50GLeQCOEfSwMIGK2Ex111bsESvygAzj,1,11-933-273-2627,7050.68,FURNITURE,"fily ironic accounts haggle blithely. regular, final requests engage "
60072,Customer#000060072,4JPXePSFT6x3A2cx X,20,30-277-681-7570,6791.79,FURNITURE,ons are carefully along the special deposits. slyly regular accoun
60073,Customer#000060073,eo4xUXOM4rx2WP3nEdXZzhBzRFC7oZZ,9,19-269-905-4200,731.03,MACHINERY,xpress requests. blithely special pinto beans x-ray fluffily along the furiously special dolphins. blithely final th
60074,Customer#000060074,"iSYTpN9,YZnCxj8L",1,11-891-864-7463,8364.34,FURNITURE,ording to the blithely final requests. carefully even packages wake blit
60075,Customer#000060075,"4RPOsgcwVImlJruz,A 2k2hQnvXNcACRBm3m",14,24-659-322-4892,8593.08,MACHINERY,"uses. regular, final deposits among the fluffily special ideas wake slyly ironic realms. ironic, pending asympto"
60076,Customer#000060076,L8fTINc0fbWJ,20,30-402-978-3763,3040.10,MACHINERY,"kly final packages. unusual, even foxes after the even, regu"
60077,Customer#000060077,20l7qcXSrVV,4,14-206-902-5158,9000.61,BUILDING, boost quickly among the slyly regular platelets. blithely pending requests b
60078,Customer#000060078,fU63guHs7wAQu04,21,31-401-573-5393,-704.56,AUTOMOBILE,"g the even, silent accounts. pl"
60079,Customer#000060079,dwwsJWhDr0fnRJnyhe6gtls,24,34-197-192-3607,3329.55,BUILDING,ly special somas poach carefully. furiously unusual dolphins unwind furiously furiously final deposits
60080,Customer#000060080,"g7cKdEj2mzUQLSKFFnWsmL,3GaOIrBmfi",0,10-192-161-6631,689.24,BUILDING," slyly pending, permanent packages. special foxes above the slyly regular packages are idly careful pinto"
60081,Customer#000060081,"MQOhRC,E4,To,KvFk",15,25-494-459-9431,-924.45,BUILDING,iously pending escapades among the blithely even instructions use 
60082,Customer#000060082,"x3V6vEbLSeUjYdjS1MvR2,u4gB0S 9d8UEJ",0,10-729-863-1818,3645.47,BUILDING, the accounts. furiously unusual
60083,Customer#000060083,"9MS,Ga67eiTauESHzSMGleXPP",12,22-811-334-7808,8430.43,FURNITURE,ly pending requests: furiously ironic deposits ca
60084,Customer#000060084,uRvVM5wm2UMN1zoWgUGmdx9bxoqGLRG1r,18,28-665-350-7955,8251.73,MACHINERY,theodolites are: carefully final foxe
60085,Customer#000060085,zT3KxXIO d,19,29-726-930-4080,7957.74,MACHINERY,hely unusual orbits. furiously ironic courts cajole. slyly even theodolites sleep quickly silent
60086,Customer#000060086,T9hSwghSUhcyhxNnuB30QBHHMZa8R,4,14-710-182-9914,5835.95,AUTOMOBILE, express pinto beans. carefully final instructions haggle stealthily above the final foxes. unusua
60087,Customer#000060087,3Tj0OTYwzmO lB8rrLGb8 KVffeRwbup,22,32-160-777-7305,6810.75,BUILDING,he carefully unusual accounts. furiously regular pinto beans unwind sl
60088,Customer#000060088,xllgZf63jONKni,20,30-896-444-2387,312.90,AUTOMOBILE,ly. blithely regular asymptotes use after the dep
60089,Customer#000060089,2i2cZd4bGay4WBf9mvy,13,23-670-811-2493,9849.12,BUILDING, quickly ironic accounts. slyly regular pinto beans wake blithely unusual foxes. slyly permanent foxe
60090,Customer#000060090,"BJG,342nP8WOqcJrBTk,5WMr5VAfj2uwCzbpS",7,17-891-975-2791,4293.50,MACHINERY,ual deposits nod against the qui
60091,Customer#000060091,"RKrW9,uKOmAqJVIt5",22,32-987-142-9547,9919.95,BUILDING,ake fluffily ironic dolphins. f
60092,Customer#000060092,7HlwD5NMv4G1iaQGEN3,3,13-875-733-5313,6711.67,AUTOMOBILE, even accounts cajole furiously. furiously unusua
60093,Customer#000060093, 76gbJiFRKVc,22,32-203-506-3217,7010.33,MACHINERY, the regular ideas print furiously across the bold packages-- requests cajole sly
60094,Customer#000060094,MkoqzelPE 8kI,12,22-809-331-1348,-408.23,AUTOMOBILE,ges cajole slyly express dependencies. quickly special accounts are slyly against the furiously re
60095,Customer#000060095,l0naPeKkvczoTZQNV,4,14-354-219-5412,810.00,HOUSEHOLD," furiously. furiously unusual instructions detect carefully. final, final accounts affix carefully pending in"
60096,Customer#000060096,T9KQ0gc6NvnTSSsFkJOk,12,22-822-538-4011,4620.25,AUTOMOBILE,ial platelets wake carefully express theodolites. slyly even pack
60097,Customer#000060097,I55jg art2HQL8YEHwh8FgEx,21,31-526-630-1617,1626.61,FURNITURE,. even asymptotes sleep even dependencies. blithely pending depo
60098,Customer#000060098,"2y,ZeGm0u0 LYJ7waqsZkmWqmU8vn",0,10-972-910-3772,1449.68,AUTOMOBILE,al requests; packages cajole accounts; idly even accounts are. special reques
60099,Customer#000060099,Zc1GskAO8ANH8yGchAqhs31MrKzHbAlhpyy3,21,31-696-159-3613,8767.65,HOUSEHOLD,ns detect slyly quickly bold fox
60100,Customer#000060100,9CZqojrnLk ZY,16,26-775-586-4254,-5.85,HOUSEHOLD,y doggedly ironic theodolites. caref
60101,Customer#000060101,"KnB49Y6xTmQDCZjHofrxN8pAThOgHz,S3LXr",11,21-833-360-1547,9600.08,BUILDING, slow foxes. bravely even patterns are furiously carefully
60102,Customer#000060102,KZ85CxQhURs,12,22-759-527-1754,9621.12,HOUSEHOLD,riously pending deposits try to wake. spec
60103,Customer#000060103,HgzXsVaNfxY2b0TudNkQ5DHdA,2,12-439-452-2245,268.34,FURNITURE,hely regular theodolites sleep. evenly ironic multipliers caj
60104,Customer#000060104,LQYV0ybF5YL7V7pwZ7LGFoGZFuinOMaCNDC,22,32-119-929-9608,8974.49,BUILDING,uests. ironic deposits wake furiously carefully bold requests. furiously express packages cajole along the requ
60105,Customer#000060105,NSTn6XMXnGgptquROgtRlmuEZ2yUwYQNl ao,4,14-542-893-7112,316.53,BUILDING,deas along the furiously even deposits wake sometimes bold pinto beans. instructions use furiously along the ca
60106,Customer#000060106,OgbaHooCj PdMar87x2ENml5k57eG42Q,24,34-293-320-4842,4833.95,AUTOMOBILE,"s. furiously regular instructions wake slyly. fluffy, special asymptotes according to the regular pinto beans "
60107,Customer#000060107,uQNFDrERbZsFQWqJfo9oiC6Z6GKMVu2ZqttnTml,19,29-551-557-9332,7203.18,HOUSEHOLD,"fts. ironic, bold deposits are c"
60108,Customer#000060108,L1twBYKQBkaz,20,30-877-391-8124,6846.09,AUTOMOBILE,ve to wake furiously final pinto beans. even theodolites aft
60109,Customer#000060109, pefiLrnesSgSG0DpFYZYhI,9,19-521-549-9255,277.25,MACHINERY,"ic, bold requests. slyly regular platelets sleep bli"
60110,Customer#000060110,dDgBNsiIotLH1t32QcEWjnVC0gUSfMvV,16,26-324-926-1370,4664.11,FURNITURE, are. blithely silent requests breach carefully furiously regular instructions. ac
60111,Customer#000060111,"Z2B8Rzjl,aAvZOY",8,18-408-752-3839,1618.49,FURNITURE,ffily express packages haggle blithely al
60112,Customer#000060112,"pU8qsebmmk,KqpTwRH,qiZor",16,26-172-968-7578,7997.53,BUILDING,rve furiously. furiously regular f
60113,Customer#000060113,"9AjOdwSXqsxGhBESQSH2tYsXlpPcpRyYhQj7hP,c",5,15-710-539-7723,3559.79,MACHINERY,ly regular packages. special pinto beans nag quickly unusua
60114,Customer#000060114,FyZqeUtYtePVLTtICzRAN e4qFTrfc7LSzEXcT,3,13-885-358-8631,9383.28,MACHINERY,egular epitaphs cajole furiously busily express requests. furiously ironic accounts according to the ironic deposi
60115,Customer#000060115,uAmEE8T6FFOdVOnlRUX0t3DWUW w,15,25-495-540-3181,6866.06,FURNITURE,counts should have to affix furiously carefully pending requests. carefully express requests maintai
60116,Customer#000060116,9yZcy3EPUYye7KrlTSiMlMBgj1,18,28-575-387-5727,5859.92,HOUSEHOLD,dolites until the blithely regular
60117,Customer#000060117,"0XFBW,qNlDSAbHMSI0o9tm9 0ynAjk585Vyotb",2,12-800-271-9219,2714.57,AUTOMOBILE,cial ideas alongside of the carefully unusual packages are sly
60118,Customer#000060118,t26DpYZH9Lnx5444 U5dIFEf8Kp976Te3R,18,28-570-634-5821,4713.23,FURNITURE,ly final waters. final packages sleep carefully bold foxes. regular accounts ca
60119,Customer#000060119,"dl,F,Y4ntN6gjnXVcA0blzsE56D,87I7R",3,13-415-486-6111,2250.51,HOUSEHOLD,". regular, unusual accounts believe. fluffily bold foxes sublate furiously carefully fina"
60120,Customer#000060120,FuFr6wMmLaZptHwgAbu,13,23-514-549-6385,4304.01,FURNITURE,furiously regular requests. sly
60121,Customer#000060121,Q3h0rq730z3ZaNxR7GuZvKmeEb7f,1,11-722-303-6344,-466.19,AUTOMOBILE,braids. express pinto beans run around the carefully regular pearls. final
60122,Customer#000060122,xztPgleoY0aDm RL6bN4MIn2kG4N,14,24-403-846-8818,5654.72,AUTOMOBILE,eposits. fluffily regular pinto beans sleep after the instructions. fluffily silent packages along the furious
60123,Customer#000060123,"hNRg1ma6zMMU5CSmu2,V8pJy0H165vi6 MNy2GZ",6,16-224-533-2479,7825.30,HOUSEHOLD,"g foxes after the fluffily regular excuses are special, slow"
60124,Customer#000060124,"pPT7zHi3qHDTvmIPBcfKj,zS,km3coxcn",14,24-252-878-9769,1838.97,MACHINERY,y platelets? carefully regular packages use blithely final packages. furiously iro
60125,Customer#000060125,ObkOh0syUVfR 2sojtqD,17,27-664-811-2345,6533.50,BUILDING,y. blithely pending requests wake slyly special deposits. quick platelets wake above the deposits. bl
60126,Customer#000060126,"hVaPWvV8t1ivNfbs0Mjv0RDF,1RVbmQFY9",7,17-816-132-5620,4507.08,AUTOMOBILE, deposits above the permanent ide
60127,Customer#000060127,"W ,ZNYzREX1upSiJTl",10,20-676-535-7583,2475.91,HOUSEHOLD, ironic sheaves. furiously carefu
60128,Customer#000060128,"gz0pbQiCvkK,Y7VB3HE2jNxLhJXtTuNcM0,tsjTy",9,19-774-287-5816,8550.40,HOUSEHOLD, wake across the furiously ir
60129,Customer#000060129,o3XvNDPnjxqQW,8,18-499-889-6372,582.23,BUILDING,s wake slyly ironic accounts. carefully regular p
60130,Customer#000060130,4wrekltYnp B,11,21-817-778-8307,4512.02,FURNITURE,"ts nag according to the ironic courts. regular, pen"
60131,Customer#000060131,"SEuuusy,3m2hGyNk53gLAzAp",13,23-874-146-2167,8450.28,FURNITURE,"ing, even platelets along the carefully special deposits nag bl"
60132,Customer#000060132,ustFyOasqXr,8,18-159-583-3476,894.98,AUTOMOBILE,"tructions grow furiously after the final, final courts! even, regular foxes"
60133,Customer#000060133,qt917Xx7rZmgxm3H17SeIx8mFI08pqZoI,9,19-605-255-4137,2892.00,HOUSEHOLD,ies after the requests wake above the ironic accounts. packages at the blithely iron
60134,Customer#000060134,"HnvII0W295Y0gua4yB,dzuSvUHDPxvdTC5G",6,16-926-316-9442,5887.00,MACHINERY,"y pending requests shall boost about the express, regular deposi"
60135,Customer#000060135,dHUTtY36R9MlPMsCJZCu0X,21,31-725-981-9765,6891.83,MACHINERY, throughout the slyly special packages. even instructions cajole according
60136,Customer#000060136,kk1dg9JWkb8eefBJusvCLf6LN5GhTPXj,15,25-828-399-3735,-926.44,FURNITURE,"ial platelets across the blithely final instructions sleep final, bold instructions! furiously ironi"
60137,Customer#000060137,wZ51CYet8gGfZPsLp2,7,17-746-355-7373,3161.60,MACHINERY,onic accounts. furiously pending packages about the carefully unusual instructions use quickly reg
60138,Customer#000060138,"iyk8c VP8t7UW,",19,29-518-909-1552,5049.91,BUILDING, across the final accounts. final asympt
60139,Customer#000060139,1PEok9ppcmrMlwhM6yQ3sNsfv gZgiPXGdCy5Hg,2,12-250-968-1276,6777.58,AUTOMOBILE,ly bold foxes above the regular sentiments print quickly s
60140,Customer#000060140,"rGaYLBwg,eCRt8635J",3,13-186-751-9346,3752.33,HOUSEHOLD,ts. slyly regular platelets hinder. carefully regular platelets above the slyly final ac
60141,Customer#000060141,"bDW3MLZKv,eJ7MF,NUy9obTSH6xL16rPZGS6aR",20,30-143-777-2507,453.44,AUTOMOBILE,le quickly according to the never regular pinto beans: even foxes at the carefully regular 
60142,Customer#000060142,mRP5f5CEU2phhuMsuI94igi5iM8LXEDe,13,23-921-305-2653,6965.52,BUILDING,endencies sleep furiously across the slyly bold forges. slyly ironic accounts wake qu
60143,Customer#000060143,hi9wyRMqBCSE,2,12-147-337-8756,5449.56,FURNITURE,y final dolphins use about the furiously final pinto beans. slyly even accounts boos
60144,Customer#000060144,WCIxaY5bkrC75IeEIfrwVAn,20,30-693-887-7477,2776.36,FURNITURE,t deposits. busy dependencies integrate furiously regular depo
60145,Customer#000060145,7O8MJWfAYEsuQ0G1wbrDXN1EUytCm,7,17-124-489-1850,9308.55,FURNITURE,. furiously ironic instructions are blithely. foxes along the grouches affix quickly fina
60146,Customer#000060146,"N9ru2YCxH3a5,MxO3wHdTu3nxh5wjI1d6esVP0",22,32-107-614-5056,4915.54,AUTOMOBILE,quickly express deposits cajole furiously across the furiously silent id
60147,Customer#000060147,"FEuzm ,b6,65xSMnaZfF",13,23-837-340-3723,3433.46,MACHINERY,tions. theodolites across the quickly regular deposits wake packag
60148,Customer#000060148,"rI6ES1U,wbE6iF630aT9O gaVOYH6ssina YY",18,28-337-983-9279,9169.05,MACHINERY," finally after the carefully regular deposits. ideas haggle quickly after the dogged, regular soma"
60149,Customer#000060149,"vQXY7EEYNtx4,rN,",16,26-231-205-2953,3312.88,HOUSEHOLD,lar pinto beans integrate. even pinto bea
60150,Customer#000060150,SbFcuTfdqe6i0d,11,21-884-881-4162,6566.64,AUTOMOBILE,efully final dependencies wake across the slyly ironic packages. furiously f
60151,Customer#000060151,"Dkjcr 5aBWC Tyx,WiRfCV4CWu",3,13-370-838-8617,568.58,HOUSEHOLD,"s. packages wake about the unusual, regular decoys. special asymptotes sleep quickly. silen"
60152,Customer#000060152,xIc87s032VxEAz,2,12-703-107-5050,6101.46,BUILDING,s along the carefully ironic accounts pr
60153,Customer#000060153,"blgnvtQ 1kaQdLEa ,,Pf IdhSW2UCLONMQ",21,31-958-655-9048,3193.81,MACHINERY,ts affix around the enticingly silent accounts. regular packages print quickly 
60154,Customer#000060154,"pTgS,FE6N9oAzL4N4DgGWWZbrsSDXCrAOfAhr",23,33-209-571-9017,7309.66,FURNITURE,"g, final accounts. theodolites mold furiously across the packages. slyly special depo"
60155,Customer#000060155,ZbKBDOmKMk7,18,28-368-636-2788,3478.90,FURNITURE,le slyly. quickly ironic packages above
60156,Customer#000060156,3dZnZd8ig9kq 8jRqR,15,25-155-186-6115,2781.62,FURNITURE,ing instructions haggle furiously finally final requests. carefully pending packages ar
60157,Customer#000060157,8oDQWmknZ07sttUzx,10,20-233-943-9556,9677.16,AUTOMOBILE,grate fluffy instructions. furiously regular packages boost flu
60158,Customer#000060158,vncxNXJDRF,9,19-331-955-9852,7102.14,HOUSEHOLD,ironic foxes across the final theodolites are blithely blithely special packages. regular
60159,Customer#000060159,3GG7xbuNtDrFgMBI Oeie4D9JWjGTxTEUQFr2xSL,13,23-295-965-1439,2644.30,BUILDING, wake carefully along the fluffily
60160,Customer#000060160,i3xZnSpzpyOYqw own9ZySPW,9,19-132-269-4124,643.67,AUTOMOBILE,ole blithely. blithely pending tithes haggle. excuses cajole quickly slyly pending in
60161,Customer#000060161,"TTJGnrCoBtAplabanJU6Fa,YwDo4nRCsu0 2",19,29-638-112-3564,3179.61,BUILDING,dly ironic instructions: slyly sl
60162,Customer#000060162,"G,oi nXSxpOE8",2,12-638-243-1630,-263.11,AUTOMOBILE,ctions cajole slyly ironic dependencies; fluffily final packages about the furiousl
60163,Customer#000060163,vmEVWerd1BX0 H7LlJA7yXfH3H5t,20,30-645-188-6117,8775.36,FURNITURE,among the furiously unusual requests? blithely unusual requests will dazz
60164,Customer#000060164,"pMEy1OoA7OnrgGcr8YBOKdH,",6,16-810-685-6128,8624.08,FURNITURE,"counts sublate slyly. silent, regular requests print slyly. slyly regular requests cajole. slyly fi"
60165,Customer#000060165,"a7NziTQOXN3C6i,n3T5G",4,14-675-837-5999,6975.71,FURNITURE,blithely. pending deposits are carefully furiously stealthy packages. furiously regula
60166,Customer#000060166,5esyN8 NwNelHZ0,2,12-447-666-4750,850.66,BUILDING,ins haggle furiously unusual packages. waters wake
60167,Customer#000060167,"sH, lKiGiBBX1CNH3f",18,28-135-212-2126,5975.62,BUILDING, theodolites alongside of the accounts are carefully pending excuses. quickly special f
60168,Customer#000060168,Jyx7cBOyUbhlpzPTbv,20,30-284-595-3536,198.69,BUILDING,"ackages are bold, pending instructions. carefully special ideas wake daringly "
60169,Customer#000060169,qT0lLpgqqul,18,28-369-821-3771,4242.37,HOUSEHOLD, silent frays sleep carefully among the carefully final dolphins. final foxes wake carefully acr
60170,Customer#000060170,K9p9YOfbHIeMuYG8CcruHtOcTPYTuFzRK1mebs,24,34-435-300-5610,8538.48,MACHINERY,nder against the silent excuses. blithely ironi
60171,Customer#000060171,Rq89JiR02w5HGHLFQ35BrOZN,6,16-557-931-9842,9289.82,HOUSEHOLD,fluffily even deposits. express grouches haggle blithely. carefully regular accounts 
60172,Customer#000060172," zPVZK0C,8v2JtTsbeA4bHrJa7cEEC",24,34-968-218-9114,9095.54,FURNITURE,"y carefully bold accounts. final, regular asympt"
60173,Customer#000060173,HrvEM5vtY6,3,13-583-838-4219,-177.30,MACHINERY,"l tithes are against the ironic attainments. unusual, final theodolites u"
60174,Customer#000060174,"fCUzGeFIJw5,Bob7eYAG6z1LX0RBBCF4HybG2S",5,15-238-885-4802,-987.95,FURNITURE,ainst the blithely unusual accounts. final somas cajole slyly carefully regular instructions. slyly even courts ar
60175,Customer#000060175,"myer,fZs67qwpyK5Fco",7,17-185-780-6401,3415.99,MACHINERY," sly, even excuses wake above the blithely final platelets. boldly final dolphins cajole slyly along the bold id"
60176,Customer#000060176,"jTCc2v3IX0z0Hr5TG,1FLeoWMp29",17,27-136-256-3781,1485.30,AUTOMOBILE,ffily beside the carefully final foxes. foxes b
60177,Customer#000060177,mo6Xg lvKm09kehKW3b61YU,23,33-931-152-1063,2308.90,AUTOMOBILE,nding dependencies engage after the 
60178,Customer#000060178,Umk6heK3cig xEsWpOIsAcrm0G2001,12,22-808-381-9741,6633.78,MACHINERY,y. regular requests beyond the quickly even packages wake slyly blithe requests. blithely fin
60179,Customer#000060179,bUSGBu04zbGqlM mqeKnPPBMNhAPa1afyR0z,5,15-456-154-1528,6939.91,AUTOMOBILE, nag. carefully final foxes sleep carefully according to
60180,Customer#000060180,GJLDJiSIki,20,30-726-408-3787,4130.45,MACHINERY,d the sometimes ironic packages. carefully regular requests alongside of the slyly express packages integrat
60181,Customer#000060181,"lD6SMO58JY7cDesAQ0s5qfPv,xLSfX",23,33-851-851-1493,8527.96,MACHINERY,s. dependencies sublate at the carefully silent requests. fluffily enticing deposits sleep furiously.
60182,Customer#000060182,ZztvVvzgcssolfn9a1TWJQbTObF7IC U,22,32-726-190-5874,8555.45,MACHINERY,uests. pending accounts sleep furiously final accounts. furiously unusual pinto beans wake furiously sly deposi
60183,Customer#000060183,BcD8OMP2PuNGIhQbZ,16,26-735-755-6012,8470.56,AUTOMOBILE,encies haggle furiously carefully slow packages. blithely even deposits boost. evenly iro
60184,Customer#000060184,lKgsLAgVKd,21,31-192-184-3308,685.76,HOUSEHOLD,the platelets. carefully unusual platelets
60185,Customer#000060185,K3wU1XDLhzmB,2,12-597-866-5716,6552.81,MACHINERY,ic asymptotes haggle blithely after the unusual dolphins? slyly 
60186,Customer#000060186,4hx gQc4sBSY3jkSsDRphxMT,3,13-664-632-8326,-922.97,FURNITURE,slyly according to the regular accou
60187,Customer#000060187,"nJzOLRVyFOCxaTE5oYjsQ,XqY",14,24-970-546-3506,6627.00,FURNITURE, packages against the evenly pending foxes integrate 
60188,Customer#000060188,"TdgWybJDvRdSPZIZhcHdh6,cgkT4e2",23,33-590-191-7182,2972.51,FURNITURE,"nding, unusual asymptotes. even packages are carefully around the regular, express ins"
60189,Customer#000060189,kElm3t3gevsMUpnvpyijSXe7E wfCF4,3,13-279-161-5835,6016.42,FURNITURE,nstructions. slyly regular deposits are. slyly express asymptotes wake. furiously final realms after the 
60190,Customer#000060190,7pP1E9eIAsRkr6N6hXMQpBF9eZ86icH,0,10-702-797-6916,3960.69,FURNITURE,hy accounts against the blithely even packages haggle furiously across the slyly unusual somas. carefully regul
60191,Customer#000060191,xLaBiZc9jAIOEl68T6mwXWWCdeySHNYGT,7,17-592-684-8835,4341.99,HOUSEHOLD,is. unusual foxes wake furiou
60192,Customer#000060192,"tMB20aL0kHqBzhWRDTr,LWIR",6,16-322-945-8817,-254.22,HOUSEHOLD,around the slyly even pinto beans. even acc
60193,Customer#000060193,LiAZK5nsOrOnKsyaifsExeBMR,17,27-645-656-5387,4269.47,MACHINERY,inally among the carefully even packages. never ironic accounts haggle slyly; fluffily bold idea
60194,Customer#000060194,CaaMgTBB tcNCmSArHElGVXiT6vhWTaiXHl1,15,25-343-187-5391,1980.57,MACHINERY,kages. regular platelets sleep slyly. dugouts against the furiously express excuses slee
60195,Customer#000060195,qKELrd7tx5FGa kc6bMAd03pkaUBzYNDEVhX3jc,17,27-182-657-5151,-637.25,FURNITURE,"heodolites about the ironic, express theodolites hinder quickly slyly regular "
60196,Customer#000060196,QXxoBLdHWOdsco06kZFhCkdi,24,34-835-863-6559,1668.32,MACHINERY,"thely special packages against the ironic, special asymptotes integrate "
60197,Customer#000060197,EuikGgOE0tZBgxmHeDgTEMBPmdJNN,2,12-777-866-8670,9454.45,HOUSEHOLD,uts. express platelets should cajole. express ideas from the furiously unusual requests cajole at the car
60198,Customer#000060198,IJwqJm789P6a0N85Um,9,19-510-611-4251,3968.06,FURNITURE," the carefully regular warthogs. unusual, regular instructions wake. final, even accounts wa"
60199,Customer#000060199,PvFa5Hk4uOPhi1tDz0CX8j,14,24-259-372-9463,7216.63,MACHINERY,after the furiously final accounts. notornis use blithely stealthil
60200,Customer#000060200,kILa0fs9Y9hTjVobDrVTSegIT ZI1P546hKrnmfN,9,19-438-225-2473,1915.07,HOUSEHOLD,ugh the final deposits are ca
60201,Customer#000060201,"Zy0J,e7vhb4Zs1to1G",14,24-791-419-9707,9502.00,AUTOMOBILE,rding to the slyly pending epitaphs. quickly regular ideas are carefully. bli
60202,Customer#000060202,"wz WmgkAXQQtBGT,Rw22",23,33-865-942-1693,223.03,MACHINERY,"he express, unusual packages. slyly final pinto beans haggle quickly about the slyly silent ideas. carefully "
60203,Customer#000060203,bj4ugdc5W7AO,10,20-297-778-5627,6478.02,HOUSEHOLD,dolites. pending deposits wake blithely about the 
60204,Customer#000060204,wsHw23mHSnwrguyWO HSWUZRqMDr1t,18,28-256-929-3308,7139.40,FURNITURE,oxes. blithely regular accounts accordin
60205,Customer#000060205,"q4CVonPNE7rgiwLn,jqJXczS,0toYkqf",11,21-836-698-7313,1865.47,FURNITURE, asymptotes. fluffily ironic courts alongside of th
60206,Customer#000060206,"eGLMxyG Ai gy39VECp,8YIXwTXb8EVzsV",15,25-737-386-6951,950.14,FURNITURE,al instructions thrash furiously. blithely unusual requests nag carefully across the ironic deposi
60207,Customer#000060207,"znv534DsLmyqpIccF2IAo,",14,24-187-116-5023,5909.53,AUTOMOBILE,"xes. slyly ironic packages boost slyly pending, silent requests. ins"
60208,Customer#000060208,"KoCwFgKd7r57ND3eRu,avBHY 8s",5,15-824-603-5010,476.24,BUILDING,sly at the furiously even foxes. furiously ironic requests haggle carefully across the slyly brave d
60209,Customer#000060209,"gGsoibpwiiDRJTUyN8oxV,cH9DAu9SWlD,pHCh",2,12-272-127-4452,5160.22,HOUSEHOLD,"e, unusual deposits use. bold, ironic packages are blithely carefully r"
60210,Customer#000060210,3RPh8xrrc1hRkSBwOO3,0,10-403-578-8573,1764.17,MACHINERY,lly along the carefully regular instructi
60211,Customer#000060211,"C4RoMO,OvO8dPfC",12,22-165-525-4012,3317.28,HOUSEHOLD, wake carefully. final deposits use carefully furiously express instruc
60212,Customer#000060212,"1z9XO ,7KT3T",23,33-164-764-7461,3526.44,AUTOMOBILE,ronic dependencies are furiously fluffily pending notornis. final waters after the
60213,Customer#000060213,"hWTyA6SijI0v,YAj0zFVlKwe",17,27-421-332-7051,9926.47,MACHINERY,"er the silent foxes. even, regular pi"
60214,Customer#000060214,"k3kaCf6Mn5Skqu 3,qjJy8yjJ8MGDb9YIYDfn",24,34-489-210-5342,6333.41,BUILDING,ld ideas cajole along the slyly unusual instructions. final packa
60215,Customer#000060215,LDR33fo51EHos,13,23-511-527-9697,7715.19,BUILDING,"ounts sleep slyly furiously regular accounts. unusual instructions boost blithely brave accounts-- silent,"
60216,Customer#000060216,HVyHztWu57C4bYLCW BgfquH24oSAIGsfMN45Nf,16,26-273-671-9537,-740.94,BUILDING,ronic deposits cajole among the furiously final foxes. slyly regular pinto beans nag carefully about the fl
60217,Customer#000060217,fi2M iE1f9k2,17,27-922-412-7917,7868.51,BUILDING,ys. quickly pending dolphins boost furiously. slyly special reques
60218,Customer#000060218,dQdidAYaJFBgJ032J5PNbPV9dpcpPCD744LHTI,20,30-699-192-3946,2074.33,AUTOMOBILE,ve the furiously ironic deposits. theodolites wake regularly carefully pending pinto beans. packages amo
60219,Customer#000060219,f3hSVCdDu7P8ciXM4sMcMRA3,18,28-639-243-6963,2203.02,AUTOMOBILE,are furiously theodolites. sly foxes lose fluffily pending foxes. ironic requests boo
60220,Customer#000060220,1MiXTQG3 xSHE34z 1Xq0kx09T,15,25-516-317-5564,9122.41,AUTOMOBILE,gular packages. carefully final requests ha
60221,Customer#000060221,sQ8GlfQ7tO7pFO b2A1Wwct rMs,12,22-344-929-6420,416.98,AUTOMOBILE,lithely bold requests integrate across the even foxes. carefully final
60222,Customer#000060222,2w6Hj1f2vyMfN34Ae60Zt,13,23-400-231-2047,-810.88,HOUSEHOLD,ously regular accounts. quickly regular accounts hinder furiously carefully bold platelets. regular instructions
60223,Customer#000060223,flAABIuDJnPDl8nzodFeOBAwJdSJOKq,2,12-425-109-1683,9410.13,BUILDING,the daringly pending dependencies. blithely regular asymptotes integrate around the silent asymptotes.
60224,Customer#000060224,wpvgVKmxA0fblqYRaUJdv0bClDNDW,13,23-870-580-1747,7072.94,AUTOMOBILE,y the furiously ironic accounts. bold foxes nag blithely quickly even reque
60225,Customer#000060225,4f8JP09EPYfnTvbsTraxwZZvW,17,27-899-206-5096,6916.48,MACHINERY,ng dependencies. quickly ironic platelets are furiously even pearls. quickly fluffy 
60226,Customer#000060226,"iI6p lpsLXaj,Ll9dXZOR",22,32-872-200-3720,6245.26,BUILDING,ng to the blithely special dependencies h
60227,Customer#000060227,4 i4eIHTB8vDvOrlnYSKJFTjgdPo6mFDM,4,14-863-463-2732,119.35,FURNITURE,sts. accounts cajole. quickly final deposits wake slyly amo
60228,Customer#000060228,tD8reZMQSSPXicEB9t4stg,24,34-967-595-6583,1879.84,MACHINERY, blithely final pinto beans run fluffily pending requests. blithely final reque
60229,Customer#000060229,zkjCE72R2gAmwWqw28I0Fv6,23,33-121-125-6878,435.77,BUILDING,haggle slyly. carefully ironic packages haggle slyly above the acc
60230,Customer#000060230,FldsTNQKNSEckMKpZ,16,26-150-189-1818,7004.73,HOUSEHOLD,. slyly final foxes haggle. packages acc
60231,Customer#000060231,FK2JWPQLiTUq3o7hS6FYg9,5,15-756-975-5680,4600.62,BUILDING,"n deposits. slyly even foxes sleep. final theodolites haggle blithely. excuses sleep slyly across the regular, ir"
60232,Customer#000060232,"e,guU9D9,Vd9cUtYJ3 l7ZtgLZ,wJPFrZr",5,15-521-188-6665,1561.02,FURNITURE, of the furiously bold packages nag carefully even ideas. quickly regular acco
60233,Customer#000060233,PjeHPcyNx9 dJt80SEiQ2bFJQaAR4L81lp,2,12-320-466-3679,9989.90,FURNITURE,ly among the blithely ironic deposits. special acc
60234,Customer#000060234,PR7Nss9aIJBPO3lMbQtrCyxUROp5nXklSbid,0,10-290-756-9644,5310.72,BUILDING,deas. fluffily even deposits affix evenly regular instructions. fluffily unusual pinto beans use 
60235,Customer#000060235,KTbv9PeuFsUI0E,14,24-363-425-2905,1271.92,AUTOMOBILE, quickly final asymptotes. even foxes sleep accounts. carefully
60236,Customer#000060236,5nq9eNWwE9FkK7Qibps3KCvnlcgVLcViIh0k,3,13-588-942-4698,2128.37,BUILDING,nusual warhorses. special requests haggle slyly alongside of the fluffily bold fo
60237,Customer#000060237,08Nq3JWgxJT5LAxsOjT0AXBo3UoF,22,32-991-207-2485,8464.62,AUTOMOBILE,regular dependencies wake even requests. quickly final accounts detect furiously. regular deposits are 
60238,Customer#000060238,svc8Inbj83Q48 T,8,18-257-777-8450,-123.78,HOUSEHOLD,"press pinto beans: slyly ironic pinto beans wake regular, even instructions. slyly ironic deposits wake finally"
60239,Customer#000060239,wTYhApxYhh698O3R78vCD33evQRE4yBnVbPW,13,23-226-516-1665,7508.30,BUILDING,inal ideas nag carefully ironic frays. unusual ideas detect according to the pending t
60240,Customer#000060240,"e2KleF4JNIX86xy58kjx5qkanZ,",20,30-610-337-9594,9003.97,MACHINERY,ic pinto beans can haggle over the careful
60241,Customer#000060241,0uhZvjgstq wVBE0wXeFmORMVIbAJVk8yBuoPM,6,16-177-419-1739,750.29,MACHINERY,tegrate. accounts use. final packages after the final requests nag sly
60242,Customer#000060242,qA2giHIEmNxuq q,21,31-466-160-1518,1983.61,MACHINERY, according to the deposits affix carefull
60243,Customer#000060243,v6Kg08Pd1GRQNicyamArIo,7,17-323-757-7016,6454.44,AUTOMOBILE,"ely. slyly final instructions haggle furiously after the ironic, bold packages. ironic instructions "
60244,Customer#000060244,2Z wPm rcn,24,34-180-292-2972,6816.91,MACHINERY,as serve slyly packages. carefully ironic excus
60245,Customer#000060245,QSsPrMM5aG7gfOBhCcFpIiqm,22,32-107-410-3031,4827.33,MACHINERY,to the fluffily final asymptotes wake thinly ironic deposits-- furiously special platelets haggle quickly 
60246,Customer#000060246,ffDemtmSDrNbBv8j2s xR9sZC,19,29-999-973-1552,5909.48,AUTOMOBILE, packages wake fluffily along the silent requests. dolphins affix. regular fox
60247,Customer#000060247,Bh7Dqv5sesw6z,8,18-844-188-6659,-407.99,FURNITURE,"t the ironic, final platelets detect quickly along the blithely unusual deposits? slyly ironic instructi"
60248,Customer#000060248,"SR,NkUcuvsB08PcRegz",19,29-500-432-7007,4889.37,MACHINERY, requests maintain across the special theodo
60249,Customer#000060249,"HB,kmln7bzndXVWm7mpO 8yZ4zENQ1PBV",15,25-632-768-6170,3719.26,FURNITURE,carefully across the fluffily bold excuses. bold accounts cajole about the silent foxes. slyly regular deposits u
60250,Customer#000060250,"dKyMHcknp6QxNUJf2h4ac,tlBGOWQf7WV",11,21-820-381-6315,5566.72,FURNITURE, the ironic requests. idle dinos cajole f
60251,Customer#000060251,"h2yYiZx,PsllJnwCUv8RepfMMme",9,19-817-697-7525,2951.19,AUTOMOBILE,ges. quickly final forges accor
60252,Customer#000060252,"Q5,rCVJilBHcrFxATvcchi19BkUyL",6,16-620-121-2040,-301.35,MACHINERY,haggle. excuses are carefully final packages. blithely even inst
60253,Customer#000060253,dx30f6Q0snsCQtYT 7GBTR,8,18-838-139-9630,4185.63,AUTOMOBILE,"t the ironic, special packages. foxes haggle blithely final instruc"
60254,Customer#000060254,HmlJUXKTERpyPQMcRNSH5,15,25-184-887-3539,900.62,AUTOMOBILE,"lites alongside of the quick foxes mold evenly along the regular, final packages. stealthily final dependencies w"
60255,Customer#000060255,r 9fTyuWpicldinvGOFJ2OtEGuD3g,12,22-928-458-2664,9671.82,HOUSEHOLD,ic instructions across the enticingly regular requ
60256,Customer#000060256,sTKkUoOdFSefHe,15,25-914-495-3294,5330.43,FURNITURE,"ding, final asymptotes. deposits detect quickly "
60257,Customer#000060257,C Gql7znDh,13,23-172-871-9678,2626.11,BUILDING,carefully silent tithes cajole furiously. furiously unusual requests haggle fluffily.
60258,Customer#000060258,sfIy458KmRh5N,7,17-852-574-2854,3021.89,AUTOMOBILE,ular ideas use slyly. express ideas cajole enticingly accounts. furiously specia
60259,Customer#000060259,6qNF63DwreQ2Mkq1vsr330hlsn7wzkA,17,27-812-405-8084,-173.35,BUILDING,"usly silent requests. stealthily regular multipliers across the regular, express accounts are within the cl"
60260,Customer#000060260,P2s7pWlAlLxl,22,32-590-520-5000,-574.63,HOUSEHOLD,"ccounts lose carefully. ironic requests nag quickly above the unusual, "
60261,Customer#000060261,"Ry9ChsLpW,D5YD8wmc2W1wBUXYs",19,29-475-509-1420,9040.12,BUILDING,ual dependencies boost slyly about the unusual requests. quickly pending deposits dazzle fluffil
60262,Customer#000060262,4WINEABJU5n7jY,3,13-716-400-2170,3352.59,MACHINERY,ully bold excuses. fluffily bold ideas impress. quickly ironic requests haggle fluffily slyly regul
60263,Customer#000060263,6UHu0mk3vZ,21,31-363-957-4588,2944.38,AUTOMOBILE,requests. carefully even platelets w
60264,Customer#000060264,"pFFjh9DuD3EnY2Wy2926wPOjs,Nsdmn",5,15-172-130-8962,6167.70,FURNITURE,"lly ironic asymptotes. final, busy requests "
60265,Customer#000060265,zD X2MZfTLRmGH3d3VI9gorCRwZX6HI,8,18-697-986-1878,5561.62,MACHINERY, after the final packages haggle fluffily theodolites. ironic requests integrate. carefully ironic accounts along t
60266,Customer#000060266,5v0jdJJt VUBnWYvZAPMPxWwFkKEL,18,28-863-116-1077,5216.51,BUILDING, boost slyly blithely regular ac
60267,Customer#000060267,4OQpL9XMZh51CHY20aVdazaoz5pjV,10,20-133-999-9010,1896.96,AUTOMOBILE,". slyly regular theodolites are slyly across the quickly final theodolites. silent, pending requests sleep "
60268,Customer#000060268,RMS3lP31IG3zfMV7uXEpjJ37,6,16-727-421-7645,2167.96,AUTOMOBILE,he fluffily unusual accounts. deposits detect. regular ideas sleep theodolites. final theodolites haggle stealthily
60269,Customer#000060269,d0xK5quV31JX4MFuD aZyq,6,16-775-972-8504,2834.65,FURNITURE,er the special ideas. deposits haggle slyly furiously un
60270,Customer#000060270,0F9toAhMifl W,19,29-863-377-2343,9955.00,HOUSEHOLD," pending gifts wake carefully about the blithely ironic accounts. ironic, unusual pinto beans "
60271,Customer#000060271,"LUT2Le83I6,uxgwiMe9jEe",19,29-456-997-5225,1779.56,AUTOMOBILE,hely even notornis after the packages use f
60272,Customer#000060272,JdbbgW8ZIBN6mpN,8,18-141-906-5540,9049.68,MACHINERY,the furiously regular excuses. express accounts sleep carefully; final realms x-ray blithely ironi
60273,Customer#000060273,"cel lhq,0THi8",5,15-728-967-7654,-974.60,FURNITURE,"ding instructions wake furiously. regular, silent accounts haggle around the quickly even ideas. ti"
60274,Customer#000060274,0w9sceRL2P1ZIE1pQPBNMsLXMKCfna,3,13-849-262-4964,7853.64,MACHINERY,s requests. dugouts according to the quickly even foxes sle
60275,Customer#000060275,nznminf53Lj04lUBHCeaR0Jq5JHtEGiV,10,20-786-567-8348,5105.03,HOUSEHOLD,"ess, unusual pinto beans above the quickly pending accounts detect quickly final packages. furiously sp"
60276,Customer#000060276,RI7G9tgmSqvzUQXrrltJbDhBpDe9viI9sLLSA,13,23-806-837-6112,9250.07,MACHINERY,"en accounts boost regular, bold dependenc"
60277,Customer#000060277,UoqVyMxWCpQTs15kId90ToNJOZ0yN3YqD2,19,29-927-273-9111,918.47,HOUSEHOLD,uickly ironic requests nag fluffily reg
60278,Customer#000060278,czxySFftobFNT,20,30-642-812-9808,1611.58,HOUSEHOLD,into beans use carefully quickly regular asympto
60279,Customer#000060279,SYg74FWyTfU,12,22-464-313-8016,1802.30,AUTOMOBILE,beans. final dugouts haggle according to the blithely sp
60280,Customer#000060280,oiaJD EsfNJgBHRE9JOUixAsY,11,21-467-534-1063,6162.06,AUTOMOBILE,ual accounts wake carefully slyly regular
60281,Customer#000060281,IyjyvxhWUEN3,16,26-919-109-7424,9716.20,MACHINERY,"arefully unusual, special dolphins. theodolites use aga"
60282,Customer#000060282,",ko0rdtGP01XY,9xTnyY4tVIdiu hk",0,10-314-471-7642,3223.34,FURNITURE,tealthily. furiously bold ideas sleep furiously? fluffily regular epitaph
60283,Customer#000060283,smE3Ux11wH7pP,3,13-712-139-9710,8678.87,FURNITURE,"ctions. express, regular instructions boost blithely above the regular, "
60284,Customer#000060284,"n,XangtxmYlf8HAxqJCC6uPdMlrae ",0,10-786-283-3257,3814.22,FURNITURE,e furiously thin pinto beans. regular dependencies wake special accounts. sly
60285,Customer#000060285,"3LbZ2DBP,nk0afU1OlcWtZ5LAxTgMTijE8hQ",18,28-401-994-5643,6514.62,FURNITURE,furiously final platelets affix blithely regular foxes; silent accounts against th
60286,Customer#000060286,8Su01mhqDA1KYanzo2q0ScVCQfF,13,23-880-190-4813,6263.65,FURNITURE,lithely ironic foxes. furiously final foxes against the fluffily ex
60287,Customer#000060287,wCfKHHpbJFS24P4609i49IQUST5x6RQwd,24,34-160-543-1864,1189.04,MACHINERY,ys. fluffily regular accounts about the carefully even pla
60288,Customer#000060288,"7R pu2wVqew7LTYbw1 2GFA62W, dgCUaKt",8,18-309-591-6050,6205.37,FURNITURE,s. furiously silent epitaphs along the sometimes special theodolites sleep along
60289,Customer#000060289,p6BRGVAnfehXxXACrmQVTgFlg3YM,12,22-133-991-9019,671.99,FURNITURE,y above the final realms. foxes boost. dolphins wake furiously. slyly enticing instructions wake care
60290,Customer#000060290,3jxCexjfpHUmd2oL0Q1H,11,21-440-975-3306,6055.60,BUILDING,fily bold instructions. fluffily even accounts haggle carefully across the slyly pending deposits. expre
60291,Customer#000060291,"s,9KJmGKDx8wu0jhQ2ay96MIWpp1TKajNRwdC3jj",4,14-568-145-7551,2478.56,MACHINERY,uriously ironic foxes haggle fluf
60292,Customer#000060292,i8UlbX2HdyttRETCrLsRT7wNU5OMh,7,17-504-773-7282,9061.89,HOUSEHOLD,"pecial forges cajole ironic, ironic ideas. carefully ironic foxes use fluffily. fluffily even packages s"
60293,Customer#000060293,Del3rAuNW7yjV4B,24,34-869-169-3845,6178.53,AUTOMOBILE,ccounts wake against the furiously sil
60294,Customer#000060294,mWSd6 kYpA5,9,19-144-470-4917,575.73,MACHINERY,special requests are carefully special i
60295,Customer#000060295,tmRd7cA0X5USxXhgWqzJZ2YOn2ij cI,5,15-672-845-7921,5285.68,BUILDING,sly. blithely bold theodolites nod blithely ironic instructions. regular waters about the 
60296,Customer#000060296,g6XBq37cLCNKbXvIMKLQ88zikVfC6jXDZHI,15,25-732-755-3778,9429.08,BUILDING,"lly according to the stealthily even deposits. regular decoys boost carefully ironic theodolites. ironic, unus"
60297,Customer#000060297,wiGAhiN5bYbfnsGyCgqAbr,7,17-480-253-2061,6675.38,MACHINERY,"e slyly. carefully bold requests are blithely pending foxes? regular, unusual deposits "
60298,Customer#000060298,PDWXplunhgUVr,2,12-628-747-9240,2214.11,HOUSEHOLD,ely pending ideas wake. carefully pending packages sleep furiously about the carefully regular p
60299,Customer#000060299,XuN0Xpmq9O xGBHadVKxKWhuHi8rS3COpQfF,14,24-644-515-1469,8432.07,BUILDING,es above the carefully special instructions cajole doggedly bold theodolites. fluffily ironic requests h
60300,Customer#000060300,GlnSABpWhJwyW5Bncwm,23,33-168-213-3035,2790.40,AUTOMOBILE,excuses. unusual packages nag carefully according to the care
60301,Customer#000060301,He8lBRc6 R Amo1bdujyv3ix,5,15-983-286-2194,3235.96,AUTOMOBILE, the carefully regular asymptotes. furiously fin
60302,Customer#000060302,innEjGpvRjEgdLase9FU,16,26-767-225-9605,794.37,BUILDING,ding packages. asymptotes above the foxes hinder carefully quickly even platelets. carefully p
60303,Customer#000060303,WcGFtegbSMfH,2,12-310-456-2189,5947.25,FURNITURE,gside of the furiously bold dolphins. furiously final asymptotes 
60304,Customer#000060304,"uJpNa7rT1V2,m846DZbK",2,12-510-405-2809,7456.71,AUTOMOBILE,haggle. theodolites detect. fluffily ironic theodolites hag
60305,Customer#000060305,0wxaYUmozmqVvh,3,13-515-780-1110,-24.02,MACHINERY,jole along the final requests.
60306,Customer#000060306,"slp1n0ob K,2",8,18-889-117-7460,1278.67,MACHINERY,un blithely special instructions. carefully pending theodolites use u
60307,Customer#000060307,B3ZnvfIwEfEn3,17,27-986-989-1710,5556.93,MACHINERY,eodolites. ideas sleep. carefully regular theodolites after 
60308,Customer#000060308,6lDyT48UceZDLIrmCl,24,34-669-141-8845,3333.48,AUTOMOBILE,ut the regular instructions haggle slyl
60309,Customer#000060309,"PA0Df9k6OjPHh,fUAb1NLW8bkmw1nUvwicdF4fgm",14,24-227-350-8310,772.66,HOUSEHOLD,"eep furiously foxes. even, permanent theodolites "
60310,Customer#000060310,aLcptO7Sz49DuwAQpXaP2lyXA,16,26-463-290-9971,4118.83,BUILDING,"slyly sheaves. regular theodolites according to the final, express deposits are blithely a"
60311,Customer#000060311,CVpmU8aJKFif 2qOJAVn,2,12-670-809-2863,237.23,AUTOMOBILE,ng the slyly ironic packages. slyly regular ideas at the furiously pending notornis cajole furiously ironic excuses.
60312,Customer#000060312,XbsA l12d uQCdqMb9oKtbJjIl614mMuzXT64,20,30-796-482-2755,3045.55,BUILDING,cial theodolites cajole. regular accounts integrate carefully final dependencies. quickly final t
60313,Customer#000060313,BkI X90WUbkduQnvERfrw07owlfhoro5dn2T,20,30-465-696-1579,1581.07,BUILDING,ular instructions. regular excuses al
60314,Customer#000060314,Auuj raIDRgAbHWC0xlfXtAfrSDlT,12,22-779-956-3153,6011.83,BUILDING,ringly final asymptotes integrate ironic deposits. slyly final ideas should sleep. express pinto beans integrate 
60315,Customer#000060315,sO0gvTV23BUiNOEV5XsuyYMD1uDhoXS,6,16-687-879-1632,3897.35,HOUSEHOLD,"lly blithely regular theodolites. express, ironic foxes wake slyly. slyly pending ins"
60316,Customer#000060316,U69IRocJN84ZK00b9hQ41GWD0DhreYpmKsnK,3,13-973-942-6817,6674.19,MACHINERY,l instructions boost. final packages integrate furiously in place of the ideas. c
60317,Customer#000060317,gL2QZ3PaBraQDx,16,26-349-536-7523,4223.30,MACHINERY,regular requests. grouches haggle furiously accounts. c
60318,Customer#000060318,6ijyHKYOQzA4mx8,11,21-696-111-3537,7038.27,BUILDING,efully. furiously ironic asymptotes use regularly. quickly silent deposits against the special excuses sleep furi
60319,Customer#000060319,BRDxF79oKCdo,8,18-494-717-3364,7183.18,HOUSEHOLD,"nag carefully. carefully regular packages nag about the pending theodolites. unusual, unusual dependencies a"
60320,Customer#000060320,"xs2d,bpcYTh9B1eyA78",21,31-684-698-1724,707.79,FURNITURE, grouches boost at the slyly fin
60321,Customer#000060321,3L39HNSWSZbE,22,32-885-836-8551,2833.05,AUTOMOBILE,"symptotes. unusual, regular foxes boost carefully among the furiously unusual notorn"
60322,Customer#000060322,"Jv oPdh5ow3HCfk4Ju,h3ZgsQbLlHhIUr4jgXc",15,25-290-573-1900,5125.12,BUILDING, pending pinto beans. blithely bold accounts against the spe
60323,Customer#000060323,EKSXOZrYiRAvU3Ip3hKqOdgCNkIk,6,16-366-964-3076,5958.05,FURNITURE,"s. packages sleep regularly among the ironic, pending requests. blithely final theod"
60324,Customer#000060324," 1QZXLeImnTbW,b9MCf0HKnk6vlFCflpHuToaKs",0,10-548-533-1190,1976.06,FURNITURE,odolites detect regularly. ironically unusu
60325,Customer#000060325,"IgTpZRiD5Z,uHoTNyX9t",14,24-885-999-4600,620.80,MACHINERY,ily ironic requests could wake slyly about the quickly final accounts. carefully bold re
60326,Customer#000060326,yvXwZojVIYEWOEzQhN4U6CCKn5,6,16-878-408-5096,3709.14,FURNITURE,regular pinto beans cajole stealth
60327,Customer#000060327,NUue9O5klVa5XeOCCG3oxtGOJRxj,19,29-677-180-3169,578.97,FURNITURE,ending excuses. accounts detect alongside of the blithe packages. ironic instructio
60328,Customer#000060328,FDUtuODyaZl,11,21-126-892-6506,4766.48,HOUSEHOLD,ages run furiously by the slyly ironic escapades. blithely fin
60329,Customer#000060329,"0lrH9i0 XM9q5jn,ti",20,30-779-580-7311,6306.84,HOUSEHOLD,"nts. regular, silent realms wake blithely about the carefully idle packages. s"
60330,Customer#000060330,R4YaAT92Iv bHgGpLf2HicHS1xbbR,8,18-821-408-3395,1110.17,FURNITURE,regular packages. furiously regular requests are according to the slyly regular instruc
60331,Customer#000060331,"VbiVIX3NY O6AAssNqOgXNK,Jo4CwBl6",9,19-115-827-9457,632.70,HOUSEHOLD,y final deposits cajole about the bold ideas. blithely quiet deposits cajole slyly. blithel
60332,Customer#000060332,SHGZ8EJf659ovcGPTW3tIk,10,20-798-729-3252,5733.63,AUTOMOBILE,tes nag fluffily furiously express packages. carefully ironic asymptotes boost regular foxe
60333,Customer#000060333,"tnLPG,js9Gkn1FX2Wec,h5JyANUAO0QSBBHdkcF",20,30-248-991-8840,3193.88,FURNITURE,lets at the daringly express acco
60334,Customer#000060334,gtKUbTEDtDyY9vZDDYLCnGP9GYRzDw,17,27-257-969-4976,8512.68,HOUSEHOLD,ng to the blithely unusual theodolites; closely regular instructions along the blit
60335,Customer#000060335,"nQEp2EHUTu4,TSL7",5,15-105-276-2085,4678.46,HOUSEHOLD,"nusual dolphins. bold, ironic deposits"
60336,Customer#000060336,c2MuxqrNumnLScK 5X5t2B,24,34-217-636-6240,898.12,HOUSEHOLD, slyly unusual packages was carefully silent pinto beans. requests wa
60337,Customer#000060337,"YhyWnZnnCjK,lG6KmgtwXf1NykmYAYgpJ",6,16-420-178-5789,623.55,MACHINERY,bold instructions nag furiously slyly unusual attainments. accounts a
60338,Customer#000060338,"9Zlt1cIKP0qA,rry0Qmkc7tVRoa8OL92",13,23-283-458-4910,5885.27,FURNITURE,ending packages. fluffily express deposits are carefully express packages. silent braids are fluffil
60339,Customer#000060339,"77jPTfII6J8m,cAV",13,23-819-540-9666,-263.33,MACHINERY,ar requests? accounts cajole furiously. quickly regular theodolites dazzle across the slyly even ideas. quickly 
60340,Customer#000060340,z1urL5GAEYfEj P,8,18-362-650-3091,5059.81,MACHINERY,"ecial excuses. quickly ruthless orbits cajole special, regular fox"
60341,Customer#000060341,yOTSyZEzB2Qqwtr26yHx3UsIQJI8Z,19,29-936-306-9836,8190.70,BUILDING,affix carefully about the fluffily special foxes. asymptotes imp
60342,Customer#000060342,"NA37ZBER,Jin D25VrAG",4,14-860-693-2510,5104.61,FURNITURE,"nic, final accounts sleep carefully. fluffily regular ideas print furio"
60343,Customer#000060343,ip5S1c3JED7h4XzIbD4OCT,10,20-731-513-7575,2159.18,AUTOMOBILE,er the slyly unusual packages. ironically final theodolites cajole furiously along the final requests. deposits abov
60344,Customer#000060344,"J wFmWj7gQVk0LqWZLAPzwryEgp,AgwnZFDmxaw",18,28-345-404-4485,9262.42,AUTOMOBILE,"foxes nag regular, unusual pinto beans. final orbits acro"
60345,Customer#000060345,"us,i9Lm9jqV9PYpkgkb",3,13-745-949-9899,-456.06,HOUSEHOLD,le among the furiously final deposits. bravely final deposits are around the furiously regular hockey 
60346,Customer#000060346,5dW5Rr4AZdQCFTH6D01lb tbX U,1,11-130-856-3024,-142.13,FURNITURE,riously even braids play foxe
60347,Customer#000060347,Rw1qDdhl3agZm6MTUNV,7,17-185-331-8441,7193.01,BUILDING,"e carefully even dolphins! fluffily ironic accounts haggle above the silent, ironi"
60348,Customer#000060348,ImssjJ aqidbIelTClU85,8,18-832-485-7441,1000.45,AUTOMOBILE,l Tiresias wake furiously. bold accounts wake quickly. furiously e
60349,Customer#000060349,",7GyMKjYF89F7",9,19-798-550-1144,4577.89,BUILDING,hins along the slyly careful hockey players sleep about the quick
60350,Customer#000060350,"cUhd3B1,lkB8Vpp,z",1,11-130-321-3149,4594.91,BUILDING,uickly after the carefully bold theodolites. furiously idle ideas af
60351,Customer#000060351, aMjTb ckfytGK0E6kZDL9rh4JxrMW4GMOM27xU,5,15-592-739-4024,4608.82,MACHINERY,y final theodolites will have to nag after the sometimes ironic acco
60352,Customer#000060352,U28 5SeIXhKGlatb,10,20-250-174-7383,7448.88,MACHINERY,ithely ironic patterns about the regular platel
60353,Customer#000060353,"DybnF,9MnIbpPIXZgZp bhpJwz",6,16-625-463-8932,410.40,HOUSEHOLD,int-- blithely pending dependencies alongside 
60354,Customer#000060354,jL5X47hab0l2hQNvVSc,5,15-996-557-5431,9451.12,FURNITURE,latelets wake after the slyly even accounts.
60355,Customer#000060355,Pq4gw csTrzPzP2xiTFTN54 ,18,28-142-859-6646,2996.70,AUTOMOBILE,hin courts sleep quickly after the idle platelets. blithely fluffy instructi
60356,Customer#000060356,FG66YEsN4e HYrb7,9,19-468-411-7252,5440.97,BUILDING,sy theodolites detect carefully. furiously unusual platelets haggle: idly express ac
60357,Customer#000060357,shtafTGcd3q2kZZsP10ukvLtp9J,5,15-810-929-4244,1424.25,MACHINERY,. carefully regular accounts nag quickly. blithely ironic accounts wake thinly asymptote
60358,Customer#000060358,zDH50eX9co Gx6wdRORhYIrEg,11,21-164-541-8818,-668.81,MACHINERY,"r requests after the deposits haggle blithely across the ironic, express deposits; caref"
60359,Customer#000060359,zuzTF1eFHE S33fdCLHHlv,4,14-208-742-1464,-729.96,MACHINERY, against the quickly express pinto beans-- even foxes kindle at the carefully express ideas;
60360,Customer#000060360,QJ5O4zz8B4a,15,25-730-747-4902,5421.67,FURNITURE,s. final excuses according to the carefully special packages n
60361,Customer#000060361,Qt7sdAxDHikr,17,27-956-333-7929,7027.34,AUTOMOBILE,"y above the pending somas. final packages about the silent ideas mold pending, ir"
60362,Customer#000060362,UZ35VBuTo71pDnng20LZc,11,21-646-927-6602,-519.41,AUTOMOBILE, the carefully special theodolites. carefully bold instruc
60363,Customer#000060363,YYfA9yJk4lE,8,18-788-319-1112,2281.60,MACHINERY,"ounts. even, final deposits doze blithely"
60364,Customer#000060364,  DAUOsp1a2zl2QKbyDTfhQDsjJYXBU8,22,32-883-871-2830,9741.89,BUILDING,e regular ideas. special deposits solve carefully bold platelets. slyly unusual ideas are blithely. request
60365,Customer#000060365,Wn7pRXKovYrLksYVUQepPuTI8iTxb,18,28-537-670-5095,6062.28,MACHINERY,"rint inside the ironic, ironic warhorses. carefully regular "
60366,Customer#000060366,0N9dbHMC3GSJD24dKAmgbtdgsoFBY ,23,33-328-615-7266,4776.50,BUILDING,ly. idly special theodolites sleep slyly special packages. qui
60367,Customer#000060367,"94T81ym5W14TrV27AtJ,J",10,20-893-572-3678,9587.25,HOUSEHOLD,es. excuses sleep quickly special theodolites. carefully final instru
60368,Customer#000060368,Z IPCc 6I3Cf7nUaYjK Thux4Ob mN6,22,32-383-921-3921,3063.32,FURNITURE,symptotes. final accounts wake instructions. blithely pending tithes hag
60369,Customer#000060369,"byKvrPGQWHAY3fmTEupd1631uBCtjA6N57qDPy,",21,31-205-151-7431,3212.26,MACHINERY,"c, pending accounts against the grouches cajole furiously ironi"
60370,Customer#000060370,"Lno07l930QXf4VvrgNM9eOP4MC,O5F",20,30-923-179-9708,9365.51,MACHINERY,"tes about the silent, bold ideas sublate carefully carefully regular ideas. unusual instructio"
60371,Customer#000060371,"BJt5U,JR1anLDcIt1Oyh44,",4,14-558-880-7251,5223.42,FURNITURE,p blithely above the final accounts. closely regular foxes haggle slyly about the deposits; pending depend
60372,Customer#000060372,"SbTVMEWMTsF0y03blmz0fRdY2Vvr,poF",22,32-331-223-4549,8066.45,AUTOMOBILE,old packages. dogged multipliers are carefully according to the slyly final a
60373,Customer#000060373,bJM ekAiYrXp1rXf,9,19-965-994-8646,6937.90,BUILDING,ages. slyly final deposits sleep hockey players. unusual foxes maintain slyly. acco
60374,Customer#000060374,ECaW7YcJx2LA7HAiF9Y ,9,19-329-811-6474,3315.83,FURNITURE,"ound the final, pending instructions"
60375,Customer#000060375,VurdJzEeH8SPZVmg3F8rPf,0,10-260-863-9119,1097.44,MACHINERY," blithely final deposits. unusual, even accounts use f"
60376,Customer#000060376,CWeNulS4Kp0qqBpWzuw,10,20-321-447-5647,6689.16,MACHINERY,ckly ironic dolphins use carefully across 
60377,Customer#000060377,9RzGf3friT1dcJJSqG6 jDpPlKWxROJ,23,33-646-623-4551,2793.27,FURNITURE,ons. carefully silent ideas are blithely special request
60378,Customer#000060378,3VeEVzrG9yO3,22,32-833-281-4901,7494.26,BUILDING,ounts haggle. fluffily final theodolit
60379,Customer#000060379,ak8cqy0 rC1G4dShZU5aMOcWkwLHw6,13,23-677-208-1378,4054.44,BUILDING,luffily even theodolites. regular foxes sleep slyly special accounts. ironic courts haggle furiously enticing i
60380,Customer#000060380,DHBWdnidKvyg,4,14-523-323-6841,7014.12,FURNITURE,ously express packages are carefully above t
60381,Customer#000060381,TKtz4bx5pY478T6XNNpYgAuF0x74,6,16-513-152-6308,8373.56,BUILDING,bout the special asymptotes; f
60382,Customer#000060382,"f nyLr,GqhUGqm",6,16-249-793-6633,9562.86,HOUSEHOLD,ajole quickly. packages cajole blithely furiously 
60383,Customer#000060383,aN6XpIeqpSNUaSMbp9gfpLI,13,23-314-496-4108,20.84,MACHINERY,"regular theodolites are quickly special, unusual accounts. blithely unusual pains cajole. ironic accou"
60384,Customer#000060384,"a,Qwb7Ho1u sBVYnFk",23,33-831-503-5544,7117.68,HOUSEHOLD,"silent instructions haggle silently among the pending, unusual deposits. final accounts affix. furiously special "
60385,Customer#000060385,vNhArTstyqiE8 fjfdqquUF,23,33-330-410-5023,-74.00,HOUSEHOLD, requests. carefully pending gifts after the doggedly regular requests affix furiously along the even depen
60386,Customer#000060386,"onx,DsL0j185HGCH2O",10,20-846-395-8855,8209.43,MACHINERY,w packages wake furiously. final requests inside the carefully express requests affix after the c
60387,Customer#000060387,k0mVsdXFDtrOB z9Y8ayZ5IQkX0Skzs,20,30-179-438-6271,939.58,MACHINERY,dependencies. furiously unusual de
60388,Customer#000060388,xfvSXHszIfL3,14,24-169-103-8533,4533.27,BUILDING,"es cajole! even instructions poach regular, regular excuses. "
60389,Customer#000060389,PWPj0Je3NmuYcJ,12,22-237-940-6382,2648.02,AUTOMOBILE,ely across the carefully regular accounts. slyly final deposits boost i
60390,Customer#000060390,ipN7StLa3u2aUYhvMQH,20,30-719-462-6973,8297.17,BUILDING,sly final accounts will sleep above the carefully 
60391,Customer#000060391,"KQ8xv07moSl,7mq",2,12-209-578-6640,1655.71,FURNITURE,"ites. requests cajole slyly across the even, special requests; blithely even instruction"
60392,Customer#000060392,VRbY9uaZPysgJL4yKs3nJQ4MaQlQItF,11,21-620-139-6319,6540.58,HOUSEHOLD,nal requests. sly requests across the c
60393,Customer#000060393,"j,DJTn44ewQNjedQg5LDjr3RFcKPYoX g j7Fg",18,28-419-588-7645,2511.53,MACHINERY,s mold slyly according to the carefully ironic dependencies. blithely silent theodolites are fluffily special foxe
60394,Customer#000060394,S6A6ggOFVKMdTYnrEzQVTBi 603ri,0,10-287-574-3516,2178.85,MACHINERY," sleep slyly pending foxes. quick deposits can affix after the ironic, p"
60395,Customer#000060395,kHV3Rww8FZtIcwFhGME,9,19-225-825-5121,9947.43,MACHINERY,"packages sleep slyly along the regular, even foxes. quickly regular dependencies cajole s"
60396,Customer#000060396,vZ7hLDuE5xFnBfiJTcAZ8Q2rr,20,30-652-767-4128,6561.95,AUTOMOBILE,"ng, ironic deposits. regular, regular pinto beans sleep. even reques"
60397,Customer#000060397,nBbBTQi6LN81V4Qb2Wvr,11,21-386-374-7144,9698.02,BUILDING,"ending, regular accounts believe silently amon"
60398,Customer#000060398,GtdmU UFESx8L0wcd9wAFgzhs,18,28-424-183-9966,5779.93,BUILDING,old foxes use blithely among the
60399,Customer#000060399,"MbhRUg Dqqml4j89i,m7,1M4BVeYCIm",3,13-572-739-8573,335.18,MACHINERY, packages across the carefully pending packages use thinly slyly regula
60400,Customer#000060400,yNQSF5gBeJiE5vW,16,26-235-135-1444,-740.80,FURNITURE,thely final packages are furiously. bold theodolites cajol
60401,Customer#000060401,"ZclqqGw,QTeFq",7,17-473-523-3872,-666.81,BUILDING,"nstructions wake slyly above the closely regular deposits. bold, regular"
60402,Customer#000060402,"WkDaZUac pUKZSJjWf,JHnsKzzBd30QF1E",19,29-876-662-3792,-176.97,FURNITURE,"nto beans. regular, pending packages mold"
60403,Customer#000060403,v5OSKwGy8B,23,33-297-888-1967,4675.48,MACHINERY,ully special accounts are around 
60404,Customer#000060404,"Gohei,yySxAggh0OxK4O YjtylX",10,20-872-609-9723,5763.31,FURNITURE,y slyly ironic sentiments. requests above the platelets sleep blithely carefull
60405,Customer#000060405,"YOngN,WbtERGNEK5dlY7MApbWZscIJkVaxud",10,20-618-692-2099,6942.62,BUILDING,e blithely ironic frets. requests detect furiously unusual pinto beans. enticingly unusual excuses above the fi
60406,Customer#000060406,"NMLU5,6tT3Lbh ",16,26-830-775-8131,5597.11,MACHINERY,even instructions engage. slyly regula
60407,Customer#000060407,",eC109,dBCry,yAcFCr8k3RbdXguvx,YL4g",4,14-354-124-9968,7653.62,AUTOMOBILE,ironic ideas through the blithely express accounts 
60408,Customer#000060408,yp2NdI8YjffVPr1NTBzNUR8,23,33-478-208-6896,9470.71,BUILDING,sts cajole carefully pending warthogs. 
60409,Customer#000060409,uGMljFScEWGIGN0eNyQY,13,23-991-600-8093,2261.31,BUILDING,nic deposits. even accounts after the slyly ironic foxes nag slyly across the silent patterns. final asympt
60410,Customer#000060410,"7sC74rS46HkCOCKBjozZUp,3Y",14,24-906-883-6172,9797.35,AUTOMOBILE,furiously about the pending foxes. slyly final requests nag blithely slyly regular ideas. deposits haggl
60411,Customer#000060411,"8eNNo93oy0jJup3Y,bjo",14,24-995-709-9946,3210.09,AUTOMOBILE,"ss, even excuses affix blithely above the quickly regular dol"
60412,Customer#000060412,1LaGHZJ6kXWgm,16,26-387-722-4518,5964.31,AUTOMOBILE,endencies across the furiously special theodolites cajole slyly quickly express requests. fo
60413,Customer#000060413,0ZSANcjTcTk RkZMXU5mAe1QD1CqlWKFUZP365,3,13-894-985-4763,8211.60,HOUSEHOLD,"ular accounts. bold, even dolphins nag finally carefully pending foxes. ironic, regular dolphins cajole clos"
60414,Customer#000060414,MspZva6gdWhy0Zk56A,21,31-651-616-3083,4419.21,BUILDING,fully pending foxes use about the slyly final theodolites. carefully regula
60415,Customer#000060415,FEBQk3X3U8N6cU0IK4qFQy8kAgiKfauUv,18,28-176-223-5313,-314.73,BUILDING,dolites cajole; pending foxes outside the special accounts use somas. bold platelets cajole furiou
60416,Customer#000060416,sUQXim8WICjk93dL,9,19-381-725-6924,-783.79,AUTOMOBILE,fily stealthy foxes are slyly regular deposits. slyly final frays cajole along the packages. furiously final ac
60417,Customer#000060417,WHehjcuQGhj29CehB,19,29-207-395-8412,2682.79,FURNITURE,s print furiously carefully regular packages. deposits cajole against the slyl
60418,Customer#000060418,"fvWQJYT6pkqZiwdgR0nsEqAvv0,Oqv",3,13-955-655-7684,9615.82,HOUSEHOLD,ic excuses. furiously careful instructions according
60419,Customer#000060419,ubn2lRn1lvA,7,17-428-742-4374,-854.76,AUTOMOBILE,s platelets. pending packages need to a
60420,Customer#000060420,"UefDhjTbTtA,GSdIB32rACC0U",11,21-344-304-3061,9018.96,HOUSEHOLD,"g pinto beans after the even, final a"
60421,Customer#000060421,"Ub3wtZuB bWXaRT,n2RpPfAEY opPNVV0RtZbFG",15,25-369-929-5758,-269.78,HOUSEHOLD,ecial deposits. final accounts integrate blithely among the 
60422,Customer#000060422,ekaQNxd3DB4xhz,9,19-770-288-4824,6652.01,AUTOMOBILE,ully fluffy instructions boost slyly. furiously final depe
60423,Customer#000060423," U9jKHVFcfphmq8caKe,Kjs2Sh9",18,28-962-303-1423,5443.69,BUILDING,l packages. blithely pending requests boost carefully after the regular requests. regular pains cajole s
60424,Customer#000060424,"y,oInMzgZg5QsJdVcQ",3,13-115-627-1559,3134.46,BUILDING, final packages. carefully regular braids acco
60425,Customer#000060425,",WfC2tvfahAobFoRbyjHdBhR",17,27-311-939-9927,-218.72,FURNITURE,lar ideas haggle thinly speci
60426,Customer#000060426,"NxmgerG,bDjbx,AfQsxbb7sqYqk",10,20-256-364-4755,6867.31,HOUSEHOLD,quickly ironic accounts against the ironic excuses haggle regular accounts: blithely special requests nag carefull
60427,Customer#000060427,"hfGIb6ePQ7tmv 5wuY MC4icx uStwg,Uj3g6f",23,33-698-787-1837,4945.87,FURNITURE,nusual ideas throughout the even deposits sleep quickly after the carefu
60428,Customer#000060428,f IHtul3N80,11,21-501-814-1140,7322.60,BUILDING,platelets are carefully! blithely regular excuses integrate. quickly final requests use slyly.
60429,Customer#000060429,",rK7HCktV dmeFOkjBtlDemQfh4n",8,18-566-909-4393,928.79,BUILDING,kly ironic deposits according to the carefully ironic deposits haggle ruthlessly above the ironic 
60430,Customer#000060430,"zXS,bmtUXNmu6l",3,13-594-468-4402,-849.71,AUTOMOBILE,quiet pinto beans. ironic packages affix fluffily above the carefully bold somas. sly
60431,Customer#000060431,"bzvDIJPaQ j pI6349lX0A3,jI8D4kk748bq",12,22-325-222-1406,5917.62,BUILDING,ully across the pinto beans: ironic ideas unwind. e
60432,Customer#000060432,uxGOguHwFOGtWKw67HDacbUn3DX CScrHnVutlj ,12,22-808-530-6065,4533.83,AUTOMOBILE,nal requests sleep fluffily. bold accounts haggle quickly. quickly regular pac
60433,Customer#000060433,",QG7fPbFaGEm1cXbxwSTM",20,30-477-852-3354,1153.57,HOUSEHOLD,s serve furiously quietly ironic deposits. busy accounts affix carefully blithely pending dependencies. furiously ir
60434,Customer#000060434,XHhImSGJ3cFa,20,30-977-907-3563,4043.92,BUILDING,ideas sleep quickly alongside of 
60435,Customer#000060435,jZljn6spKoPnt17Ozm8gT3,13,23-571-798-2154,6122.20,BUILDING,lways final requests wake carefully after the carefully regular deposits. carefully express 
60436,Customer#000060436,dFVGcmftUwCqCIgtjU9WsnxCzyXeGvq2Ux,0,10-288-602-9312,-107.09,MACHINERY, accounts. furiously regular pinto beans use care
60437,Customer#000060437,DtSN5FT03MWZttel,13,23-820-978-5633,2090.79,HOUSEHOLD,ithe requests use slyly ideas. slyly ironic instructions p
60438,Customer#000060438,"nZdTjwKMtg,qKMWsals3",8,18-527-752-5266,3934.44,AUTOMOBILE,nts along the carefully unusual requests grow blithely quickly regular requests. regular exc
60439,Customer#000060439,t1TglIb2D2dlblvV5HiNWy0U9,24,34-979-431-2515,3174.24,HOUSEHOLD,ts. pinto beans wake furiously ironic request
60440,Customer#000060440,iMj03RLL76SVBmwB0F6hYq02G,1,11-231-742-4654,8419.28,AUTOMOBILE,ly even deposits. carefully express pinto b
60441,Customer#000060441,gCcOC7EmQQ7l3de7Wq,17,27-109-968-8024,7864.92,MACHINERY,yly even requests. carefully regular instructions sleep ab
60442,Customer#000060442,wWpEz2jloercS0orPtuaFLKD6CHemRGuyI7rSwU,14,24-383-965-9315,7775.47,HOUSEHOLD,sual excuses detect blithely. furiously pending accounts cajole carefully permanently ironic asympt
60443,Customer#000060443,MmTpcILuuwLT6w RcwLG5,4,14-232-682-4625,317.40,BUILDING,althily ironic accounts among the furiously unusual packages cajole furiously bold pin
60444,Customer#000060444,",K68f8Ax p39rJ62Vwp9VKzgbRTQr",2,12-537-386-8392,8491.55,FURNITURE,"press, ironic foxes. slyly even forges run slyly bold ideas. "
60445,Customer#000060445,"ebwaQ0Lv7pf0Qy,VuedjtQk",13,23-502-439-1845,1618.17,FURNITURE,c instructions. bold accounts after the slyly express accounts affix furiously regular instructions. slyly si
60446,Customer#000060446,HCEdbxCOHIAAdCh5Q3xgEiBPpn,11,21-362-845-1800,2518.16,AUTOMOBILE,pending foxes. slyly bold deposits are fluffily furiously regul
60447,Customer#000060447,p9gIP5IhGn1BhRAZq,10,20-645-634-2491,3718.17,AUTOMOBILE,eposits after the quickly special ideas integrate across the
60448,Customer#000060448,"mQhCvZxeX3 ATbYbbgUW,Ez6TUb Y1uBH",18,28-636-177-1844,9251.92,FURNITURE,ickly final braids sleep carefully final ideas. deposits use among the slyly express braids. regular foxes accordin
60449,Customer#000060449,9ZS85rMrytLye,20,30-295-332-3664,-888.35,AUTOMOBILE,ut the fluffily express hockey player
60450,Customer#000060450,"imviux8hB9dvftwVa8ev62C3Skzm,kY0i",15,25-999-542-2093,5459.97,BUILDING," tithes cajole furiously. final, ironic request"
60451,Customer#000060451,82NE NabioHWTNcMR0589bHzsusuAwR95u,22,32-354-378-7735,1665.91,HOUSEHOLD,"le-- special, regular notornis grow ironic,"
60452,Customer#000060452,z2Ie5tUOlokt,20,30-198-197-5206,1977.66,HOUSEHOLD,y silent requests. regular requests boost slyly unusual pinto beans. bold pa
60453,Customer#000060453,FLs1 UDFCTB1oJTfjaCqs,18,28-539-485-2596,5521.53,MACHINERY,en dolphins nag quickly across the furiously ironic packages. quickly final deposits use furiously fin
60454,Customer#000060454,RHPoC7zESCMh2,23,33-934-232-8830,2342.25,BUILDING,es are. furiously express accounts 
60455,Customer#000060455,"Ol,RlDIOOr9phh2z8tJ5u G F",23,33-917-289-3760,6147.58,BUILDING,ly unusual requests besides the slyly regular hockey players wake carefully a
60456,Customer#000060456,"7cxasLTMhegvH3vTr,n3tfIjhAAMderM1p3PElwx",6,16-477-142-1004,8330.73,MACHINERY,e. furiously final requests along the quickly even ideas integrate carefully along the pe
60457,Customer#000060457,3dCOE0ugXLPKO8w1XddESWa7eSZE,13,23-269-474-7237,4593.14,AUTOMOBILE,"s doze regularly about the carefully ironic packages. unusual, special packages sub"
60458,Customer#000060458,mHmf8IfjgTzy0J0dgHfNqBgJRxvj9JcGR,12,22-931-998-8527,7873.74,MACHINERY,. carefully express orbits haggle furiously of th
60459,Customer#000060459,mPXgCn7jjkofL0oiiiXIWfZANtO6,18,28-780-647-4733,2011.19,BUILDING,. pinto beans integrate slyly.
60460,Customer#000060460,1Va0dHL5LCMY,2,12-943-556-9785,8107.53,BUILDING, special foxes are slyly against the carefully
60461,Customer#000060461,nj5zObws52HE20 5AeT6 bCXnu5alJKxvbRdB,18,28-967-940-4485,4365.65,AUTOMOBILE,yond the furiously ironic requests. carefully ironic accounts haggle blithely fina
60462,Customer#000060462,PpWsf63ROQ,9,19-338-771-7589,1457.07,BUILDING,ructions sleep slyly fluffily bold deposits. silently express pinto beans use ca
60463,Customer#000060463,NVoVg XLAlXVJ,15,25-137-389-8865,951.20,BUILDING,te slyly carefully special requests. carefully final asymptotes cajole furio
60464,Customer#000060464,mjJP1RRnGX6o36ykiGwzs4j7qm7MwNs3,22,32-692-361-8994,1696.86,AUTOMOBILE,y; blithely thin accounts affix carefully final patterns. final foxes kindl
60465,Customer#000060465,"GXG6zW49,La3GDlcw81H13VvtQPH4B7",15,25-728-640-5657,5063.48,BUILDING,c ideas wake slyly pending instructions. even instructions affix furiously along the doggedly pending a
60466,Customer#000060466,"e,fiIRbw jtO20n LkwcjkrGXu,HiLLW",0,10-183-615-4306,3867.00,HOUSEHOLD,"al, ironic accounts sleep carefully carefully regular deposits. unusual, unusual accounts"
60467,Customer#000060467,kGVqd8B0CnJDod57cE0Zc,16,26-943-636-9227,2640.94,FURNITURE," deposits haggle blithely final, bold dolphins. blithely unusual deposits boo"
60468,Customer#000060468,qxkXoJyfM8JH DW5rrYr,12,22-746-119-6466,-673.26,MACHINERY,ide of the fluffily busy requests. regular instructions haggle. ironic notornis run carefully in place of th
60469,Customer#000060469,eS5lyG0CRgbTtZP6V9o09WPh7P0jxqOaU7u,18,28-765-965-8370,1484.46,FURNITURE,"eans nag slyly. furiously bold asymptotes are carefully against the final orbits. ironic, bold ins"
60470,Customer#000060470,BXVGz5AY4zq5h7H36ynDmdxVW24SB4oK16UaR,13,23-569-665-9067,-751.33,HOUSEHOLD,old requests sleep. even theodolites after the f
60471,Customer#000060471,NZgZ9DdltZe0I,5,15-182-799-1170,9366.62,BUILDING,"ecial, ironic pinto beans detect fluffily against the carefull"
60472,Customer#000060472,3HSkzI9dHYp0IMz2DZx,22,32-827-290-3219,1866.49,BUILDING,uriously against the carefully final excuses; regular pearls wake. bold ideas doze fluffily even accounts. 
60473,Customer#000060473,OeXkpswelaZFBkctiqSRXFz,9,19-714-533-1010,6995.45,AUTOMOBILE,"oost busily bold, regular excuses. carefully silent gifts boost carefully. accounts nag"
60474,Customer#000060474,NI41xCyfYw,11,21-922-178-8467,2530.61,FURNITURE,lyly regular instructions try to nag furiously regular deposits. slyly thin de
60475,Customer#000060475,sFxFmY6cJUjLQ,13,23-963-806-3698,3998.03,AUTOMOBILE,"ffix around the slowly regular requests. special, unusual packages are finally ironic accounts. fluff"
60476,Customer#000060476,",isWbhLU3CU9KOMD",17,27-695-626-1045,4876.64,AUTOMOBILE,mong the carefully regular excuses. carefully regula
60477,Customer#000060477,QBsOyqHntPT4cUcZxgiZht8OHZOXMC6INoJyuv,14,24-970-923-9060,9644.61,FURNITURE, beside the requests. furiously even packages cajole slyly blithely final accounts. iro
60478,Customer#000060478,a3tSkCuBIJ0IIj,9,19-302-759-6219,9973.79,MACHINERY,nding accounts haggle. quickly even excuses are fluffily slyly even instructions. carefully unusual excuses nod ab
60479,Customer#000060479,"j1YPtuuu4Yiijvy8Qy1a9pGxrF,laEL,ZlrL7kiF",3,13-802-230-8304,9595.61,HOUSEHOLD,de of the regular pains use slyly unusual theo
60480,Customer#000060480,LoigWxrxcNOq0vRhLVB8rblf dzC2,22,32-103-221-9594,474.75,AUTOMOBILE,against the fluffily regular dependencies. furious foxes among the furiou
60481,Customer#000060481,C0Epk1ArwpEqkFj2Fun,3,13-325-988-7103,2071.77,AUTOMOBILE,lithely quick accounts. regular packages nag. furiously silent fox
60482,Customer#000060482,aX5fha6SwiNeL OGfSQTymPZ8z65BD1uS5,5,15-202-994-9977,3152.82,HOUSEHOLD,y unusual instructions among the slyly final packages cajole 
60483,Customer#000060483,hOmZaA8KlYO,0,10-852-369-2197,472.69,HOUSEHOLD,uests. ironic deposits wake of the express packages. fluffily final the
60484,Customer#000060484,"03WC6j,e3uDddlz 8P0mOfOVK6UTCVl8nd1,",22,32-958-827-1281,445.40,FURNITURE,ously silent requests against the slyly pe
60485,Customer#000060485,WGcxH0Gxa2RavgqbqlEvlXaQvPHCc4Id,16,26-170-108-5226,3754.45,FURNITURE,arefully. blithely bold accounts use. unusual requests nag blithely ironic accounts. instructions am
60486,Customer#000060486,VCB2UMuSHqm9KtXSAX7A5kST92ZS5,24,34-540-591-8986,2977.99,AUTOMOBILE,luffily idle deposits haggle quickly during the final packages. deposits cajole according to t
60487,Customer#000060487,"P4diWJBDCEP8doCct4y54,80RDrBSuqxvdroC",5,15-687-352-7383,-964.92,BUILDING,ong the slyly final accounts boost above the blithely regular accounts. ironic 
60488,Customer#000060488,9Lq90v8mgEfmd 3a18Ipy,18,28-489-167-2074,5477.85,FURNITURE,ecial theodolites are express foxes! thinly fi
60489,Customer#000060489,yOaCr5rx6beeaOtoTq1B2J7VZH9,13,23-209-300-6689,5251.77,AUTOMOBILE,egrate furiously furiously ironic packages. furiously
60490,Customer#000060490,fYdzGU09BIGf69Wgr,23,33-641-249-7605,551.62,HOUSEHOLD," ironic requests. blithely final deposits wake. bold, silent foxes boo"
60491,Customer#000060491,"Trivb6wiy5JfDDKakQwm,TZg83",19,29-659-235-5345,7054.85,BUILDING," to the final, express packages. blithely expr"
60492,Customer#000060492,EmSaV2tqeW8GW463bTiUNKqtcs6Rq1,8,18-389-768-4348,-101.79,AUTOMOBILE,"ic, even requests. slow accounts boost carefully against the slyly special Tiresias"
60493,Customer#000060493,"z6KrAQqvJmD,XXazPBQcoFKAh",17,27-450-682-2575,3143.56,HOUSEHOLD,cial asymptotes wake carefully across the quickly ironic forges! blithely express escapades thrash slyly blithe
60494,Customer#000060494,iKO4TJf5KRKywa6HF,1,11-602-887-9361,9759.87,BUILDING,t asymptotes. slyly regular accounts after the 
60495,Customer#000060495,Ze1Z3D00RjOIyX9TU 0,18,28-160-317-4146,135.53,BUILDING,packages. finally fluffy accounts shall boost quickly. even deposits cajole blit
60496,Customer#000060496,9OV7ZmU9yh,3,13-982-297-6839,9712.47,AUTOMOBILE,furiously regular packages-- special reque
60497,Customer#000060497,"1Zz3KSlNqgBU6qFSYY9JVh,KWDdSiS",13,23-444-713-5999,6645.25,HOUSEHOLD,lithely about the ideas. carefully final accoun
60498,Customer#000060498,UXVk07qa5RDccL5Ax3jN9s ,5,15-644-982-8925,1700.90,AUTOMOBILE,sits. idly express instructions was. fu
60499,Customer#000060499,2g9W0xTcVG,1,11-939-283-3197,7023.40,FURNITURE,lyly unusual platelets sleep quickly along the quietly regular depen
60500,Customer#000060500,I0FF0c qZ14c,1,11-960-219-2024,-668.86,BUILDING," quickly pending sauternes detect slyly about the furiously even accounts. unusual, blithe packages at the fu"
