P_PARTKEY,P_NAME,P_MFGR,P_BRAND,P_TYPE,P_SIZE,P_CONTAINER,P_RETAILPRICE,P_COMMENT
120001,yellow hot rose blue green,Manufacturer#1,Brand#15,STANDARD ANODIZED STEEL,38,SM BAG,1021.00,he unusual requests.
120002,yellow pale blanched gainsboro moccasin,Manufacturer#4,Brand#45,STANDARD PLATED BRASS,22,WRAP CAN,1022.00,e furiously even ex
120003,metallic rosy gainsboro dark spring,Manufacturer#4,Brand#45,PROMO ANODIZED NICKEL,48,LG DRUM,1023.00,ounts. c
120004,purple cream puff royal chocolate,Manufacturer#2,Brand#24,SMALL ANODIZED TIN,41,MED BAG,1024.00,ly final
120005,turquoise floral papaya steel blanched,Manufacturer#2,Brand#25,SMALL BURNISHED COPPER,35,SM DRUM,1025.00,s sleep. slyly final d
120006,maroon olive sky honeydew sienna,Manufacturer#3,Brand#31,LARGE BRUSHED TIN,45,LG CAN,1026.00,carefully fin
120007,black antique bisque misty orange,Manufacturer#3,Brand#34,PROMO POLISHED TIN,46,WRAP BOX,1027.00,al instructions. 
120008,forest rose orchid mint lime,Manufacturer#1,Brand#11,SMALL PLATED COPPER,5,JUMBO BAG,1028.00,blithely slyly pend
120009,deep coral honeydew cornsilk dodger,Manufacturer#1,Brand#14,STANDARD BURNISHED TIN,22,WRAP PACK,1029.00,ests are ca
120010,seashell ghost grey red mint,Manufacturer#1,Brand#15,LARGE POLISHED NICKEL,23,JUMBO BAG,1030.01,ackag
120011,sandy medium red rose coral,Manufacturer#3,Brand#32,MEDIUM POLISHED BRASS,18,LG JAR,1031.01, across the bl
120012,violet smoke khaki salmon tan,Manufacturer#1,Brand#13,LARGE ANODIZED BRASS,24,SM BAG,1032.01,fluffily. ironic 
120013,orange frosted azure rosy goldenrod,Manufacturer#4,Brand#42,LARGE PLATED NICKEL,16,MED BAG,1033.01,refully spec
120014,papaya white ghost blue aquamarine,Manufacturer#2,Brand#23,SMALL BURNISHED BRASS,31,SM CAN,1034.01,es sleep. specia
120015,rosy burnished tomato goldenrod gainsboro,Manufacturer#5,Brand#55,ECONOMY BURNISHED COPPER,9,WRAP JAR,1035.01,ly unusua
120016,floral pale purple beige chartreuse,Manufacturer#5,Brand#55,LARGE POLISHED STEEL,37,MED BAG,1036.01,", final accounts. de"
120017,moccasin sienna honeydew wheat khaki,Manufacturer#4,Brand#45,MEDIUM ANODIZED COPPER,17,SM PKG,1037.01,ly. furiously furi
120018,tomato spring ghost grey peru,Manufacturer#5,Brand#54,PROMO POLISHED BRASS,26,SM CAN,1038.01,bold ideas! alwa
120019,lime antique rose seashell magenta,Manufacturer#1,Brand#13,STANDARD ANODIZED BRASS,45,JUMBO BOX,1039.01,nstructions cajole
120020,tomato frosted pink purple almond,Manufacturer#3,Brand#33,STANDARD POLISHED COPPER,34,JUMBO DRUM,1040.02,attainments
120021,salmon cream deep hot white,Manufacturer#4,Brand#44,STANDARD ANODIZED COPPER,14,WRAP BOX,1041.02,s. quickly regular 
120022,deep lemon light frosted peach,Manufacturer#2,Brand#25,STANDARD BRUSHED TIN,16,MED BOX,1042.02, the 
120023,light burlywood ivory midnight lime,Manufacturer#1,Brand#14,PROMO POLISHED STEEL,45,SM PKG,1043.02,accounts h
120024,plum seashell dark linen puff,Manufacturer#4,Brand#45,SMALL ANODIZED NICKEL,15,MED PKG,1044.02,rding to the 
120025,linen slate violet burnished dark,Manufacturer#4,Brand#44,STANDARD PLATED TIN,40,MED DRUM,1045.02,arefully regular
120026,yellow peach gainsboro coral frosted,Manufacturer#5,Brand#51,ECONOMY BURNISHED TIN,35,MED BOX,1046.02,lly ironic accoun
120027,beige grey honeydew coral burlywood,Manufacturer#3,Brand#34,STANDARD PLATED TIN,35,MED CASE,1047.02,he ironic reques
120028,rose floral forest lemon misty,Manufacturer#1,Brand#15,MEDIUM PLATED TIN,39,SM BOX,1048.02,quests x-ray c
120029,rosy plum linen magenta hot,Manufacturer#2,Brand#24,SMALL BURNISHED STEEL,22,SM PKG,1049.02,s. requests use
120030,seashell red linen yellow royal,Manufacturer#5,Brand#55,LARGE BURNISHED COPPER,2,SM CAN,1050.03,es play. quickl
120031,saddle azure steel magenta dark,Manufacturer#2,Brand#21,ECONOMY PLATED BRASS,39,SM BAG,1051.03,efully ironic ideas bo
120032,burnished blue dim cornflower deep,Manufacturer#1,Brand#11,MEDIUM POLISHED TIN,2,LG DRUM,1052.03,usly even theodolites
120033,puff pale metallic cream red,Manufacturer#1,Brand#13,SMALL POLISHED COPPER,27,MED DRUM,1053.03,"inal, ironic ins"
120034,khaki white green plum red,Manufacturer#3,Brand#35,SMALL POLISHED NICKEL,33,JUMBO DRUM,1054.03,among
120035,rosy thistle light cornsilk maroon,Manufacturer#4,Brand#43,MEDIUM ANODIZED COPPER,15,LG PACK,1055.03,uickly. quickly regul
120036,violet thistle olive sandy indian,Manufacturer#2,Brand#24,ECONOMY ANODIZED TIN,5,SM CAN,1056.03,ng accounts run un
120037,violet royal tan papaya indian,Manufacturer#3,Brand#35,STANDARD BRUSHED STEEL,6,LG PKG,1057.03, accounts. 
120038,puff firebrick spring peru cornflower,Manufacturer#2,Brand#25,LARGE BRUSHED COPPER,17,JUMBO JAR,1058.03, dolphins detect a
120039,peru metallic almond sienna saddle,Manufacturer#1,Brand#14,ECONOMY ANODIZED STEEL,46,JUMBO BOX,1059.03,its cajole f
120040,peru goldenrod burnished light mint,Manufacturer#2,Brand#25,STANDARD BURNISHED STEEL,14,SM JAR,1060.04,lly spec
120041,violet olive tan burnished seashell,Manufacturer#3,Brand#34,MEDIUM PLATED TIN,11,JUMBO BAG,1061.04,e furiously pendin
120042,cornsilk red slate plum misty,Manufacturer#4,Brand#44,PROMO BURNISHED BRASS,4,SM BAG,1062.04,wake r
120043,grey bisque pink honeydew papaya,Manufacturer#3,Brand#31,MEDIUM BRUSHED TIN,1,MED JAR,1063.04,l packages. bus
120044,thistle magenta burnished blue burlywood,Manufacturer#1,Brand#13,PROMO PLATED BRASS,11,WRAP JAR,1064.04,nt ideas. daringly e
120045,bisque ghost spring blanched frosted,Manufacturer#1,Brand#14,PROMO BURNISHED NICKEL,48,LG BAG,1065.04,uests wake slyly. ca
120046,lemon wheat cream yellow peach,Manufacturer#4,Brand#44,ECONOMY PLATED NICKEL,49,MED CAN,1066.04,ording t
120047,cyan almond beige maroon slate,Manufacturer#1,Brand#14,PROMO BURNISHED STEEL,43,LG BAG,1067.04,ress ideas. regul
120048,papaya dark forest chocolate olive,Manufacturer#2,Brand#21,STANDARD PLATED BRASS,34,SM BOX,1068.04,c accounts. fluff
120049,firebrick rose magenta black gainsboro,Manufacturer#4,Brand#42,STANDARD BURNISHED COPPER,48,WRAP CAN,1069.04,uriou
120050,azure navy goldenrod ghost ivory,Manufacturer#4,Brand#45,STANDARD POLISHED TIN,43,MED DRUM,1070.05,e fur
120051,lace ghost drab midnight blush,Manufacturer#4,Brand#42,LARGE POLISHED COPPER,33,MED BAG,1071.05, pint
120052,white chiffon olive saddle wheat,Manufacturer#4,Brand#42,SMALL ANODIZED NICKEL,42,JUMBO PACK,1072.05,sits.
120053,papaya pink grey peru firebrick,Manufacturer#4,Brand#43,LARGE PLATED TIN,31,JUMBO PKG,1073.05,thely around
120054,indian midnight seashell grey plum,Manufacturer#3,Brand#31,LARGE BURNISHED NICKEL,29,LG DRUM,1074.05,bold theodo
120055,midnight linen orange dark plum,Manufacturer#2,Brand#22,ECONOMY BRUSHED STEEL,36,LG JAR,1075.05,ic ideas aff
120056,blue pale antique thistle sky,Manufacturer#4,Brand#42,STANDARD BRUSHED BRASS,30,WRAP DRUM,1076.05,nusual requ
120057,navajo firebrick tan lemon chiffon,Manufacturer#1,Brand#11,PROMO ANODIZED BRASS,15,MED CAN,1077.05,l foxes run ca
120058,sienna honeydew royal lawn burlywood,Manufacturer#1,Brand#14,LARGE PLATED COPPER,10,MED PKG,1078.05,s. fluf
120059,rose steel green chartreuse smoke,Manufacturer#3,Brand#33,SMALL BRUSHED TIN,35,LG PACK,1079.05,"nic, bold pack"
120060,violet yellow maroon beige wheat,Manufacturer#3,Brand#32,LARGE ANODIZED TIN,44,JUMBO CAN,1080.06, carefully aft
120061,magenta dim green indian pink,Manufacturer#1,Brand#11,MEDIUM BURNISHED STEEL,22,LG PACK,1081.06,fter the ironic 
120062,blanched grey blush sandy dim,Manufacturer#3,Brand#32,ECONOMY POLISHED NICKEL,32,SM JAR,1082.06,egular asympt
120063,dodger medium chocolate light green,Manufacturer#5,Brand#52,STANDARD ANODIZED COPPER,22,MED JAR,1083.06,y pending deposits 
120064,antique midnight black turquoise sienna,Manufacturer#3,Brand#35,SMALL POLISHED BRASS,38,JUMBO CAN,1084.06,e above the caref
120065,green blanched steel dim brown,Manufacturer#3,Brand#33,PROMO BRUSHED BRASS,14,SM BOX,1085.06,"ular, ironi"
120066,chocolate aquamarine powder spring tan,Manufacturer#1,Brand#14,PROMO PLATED STEEL,26,WRAP CAN,1086.06,aggle blithely pe
120067,puff magenta navy lavender smoke,Manufacturer#2,Brand#22,LARGE BRUSHED STEEL,35,MED BAG,1087.06,ages cajole across t
120068,green chocolate khaki black sky,Manufacturer#5,Brand#55,MEDIUM PLATED NICKEL,15,SM PACK,1088.06, across the
120069,rose wheat floral blue smoke,Manufacturer#3,Brand#35,LARGE PLATED COPPER,34,JUMBO JAR,1089.06,"sual, ironic re"
120070,cornsilk rosy sandy orange olive,Manufacturer#4,Brand#42,STANDARD BRUSHED STEEL,49,LG PKG,1090.07, about the furiously
120071,mint chiffon sienna snow magenta,Manufacturer#2,Brand#21,PROMO POLISHED STEEL,34,MED JAR,1091.07,ructions. regular
120072,peach honeydew violet lemon lavender,Manufacturer#5,Brand#51,PROMO ANODIZED TIN,5,SM PACK,1092.07,ly regul
120073,slate beige turquoise sky dim,Manufacturer#2,Brand#23,ECONOMY BURNISHED BRASS,8,MED BOX,1093.07,nic deposits i
120074,ghost medium saddle grey cyan,Manufacturer#2,Brand#24,STANDARD POLISHED STEEL,29,SM PKG,1094.07,"p! unusual, "
120075,smoke sienna rosy turquoise green,Manufacturer#3,Brand#35,PROMO POLISHED STEEL,7,MED CAN,1095.07,struct
120076,goldenrod floral firebrick maroon seashell,Manufacturer#3,Brand#31,STANDARD BRUSHED BRASS,23,LG PACK,1096.07, the regul
120077,misty thistle orchid beige blanched,Manufacturer#5,Brand#54,STANDARD PLATED NICKEL,46,LG JAR,1097.07,ular 
120078,beige thistle lawn white midnight,Manufacturer#3,Brand#35,LARGE POLISHED COPPER,27,SM PKG,1098.07,dependencies after
120079,deep metallic yellow chartreuse tan,Manufacturer#1,Brand#12,STANDARD BRUSHED BRASS,3,MED JAR,1099.07,deposits 
120080,black red rosy ivory orange,Manufacturer#5,Brand#54,PROMO ANODIZED NICKEL,8,JUMBO JAR,1100.08,re according to the ca
120081,chocolate lemon linen aquamarine beige,Manufacturer#2,Brand#21,STANDARD BRUSHED COPPER,32,LG BOX,1101.08,"nal, unusual e"
120082,mint antique lime blanched khaki,Manufacturer#2,Brand#22,PROMO BRUSHED BRASS,34,LG PACK,1102.08,ily slyly even theo
120083,navy burnished peach dodger firebrick,Manufacturer#5,Brand#55,STANDARD BRUSHED STEEL,5,MED CASE,1103.08,he pl
120084,ghost misty chocolate pink peach,Manufacturer#4,Brand#44,PROMO BURNISHED NICKEL,38,LG PACK,1104.08,g theodolite
120085,royal purple lawn blanched gainsboro,Manufacturer#1,Brand#12,ECONOMY PLATED STEEL,41,LG PACK,1105.08,"ly even, pending dep"
120086,red ivory thistle wheat cornsilk,Manufacturer#1,Brand#13,SMALL POLISHED NICKEL,22,LG BOX,1106.08,its. bold deposit
120087,orchid bisque pink floral smoke,Manufacturer#3,Brand#31,MEDIUM BRUSHED TIN,34,SM DRUM,1107.08,quests can boost a
120088,floral lawn burlywood beige wheat,Manufacturer#2,Brand#21,MEDIUM PLATED BRASS,2,SM BOX,1108.08,beans al
120089,black ghost sky puff cornflower,Manufacturer#4,Brand#44,ECONOMY ANODIZED NICKEL,41,JUMBO PACK,1109.08, beans detect. c
120090,drab saddle honeydew spring violet,Manufacturer#1,Brand#12,PROMO POLISHED TIN,10,JUMBO BOX,1110.09,lithely. bol
120091,deep pink chocolate thistle lime,Manufacturer#3,Brand#31,MEDIUM ANODIZED TIN,17,LG BAG,1111.09,riously regular re
120092,beige honeydew deep brown tomato,Manufacturer#4,Brand#44,STANDARD PLATED TIN,33,LG PACK,1112.09,ly regu
120093,chartreuse tan rose snow moccasin,Manufacturer#2,Brand#24,PROMO ANODIZED TIN,25,SM BAG,1113.09, wake carefull
120094,spring drab rose white misty,Manufacturer#2,Brand#23,MEDIUM BURNISHED COPPER,49,MED JAR,1114.09, special accou
120095,seashell sky blue dodger violet,Manufacturer#2,Brand#24,LARGE BURNISHED BRASS,16,MED DRUM,1115.09,ts. fur
120096,ivory lawn cyan medium cornsilk,Manufacturer#5,Brand#51,PROMO BRUSHED COPPER,25,SM BOX,1116.09,uriously across t
120097,chiffon linen slate deep chocolate,Manufacturer#5,Brand#51,PROMO BURNISHED TIN,3,WRAP PACK,1117.09,deposits try to s
120098,medium ivory cornsilk lavender chartreuse,Manufacturer#1,Brand#13,STANDARD BURNISHED STEEL,35,MED CASE,1118.09,"ake thin, ironic i"
120099,forest burnished powder gainsboro magenta,Manufacturer#5,Brand#52,MEDIUM ANODIZED NICKEL,21,SM JAR,1119.09,he deposi
120100,tomato snow rose smoke linen,Manufacturer#1,Brand#15,PROMO BURNISHED NICKEL,35,LG JAR,1120.10,ts! furiously re
120101,royal ivory brown dim burlywood,Manufacturer#1,Brand#11,SMALL BRUSHED NICKEL,45,SM DRUM,1121.10,cross the quickly
120102,blue deep royal tomato blanched,Manufacturer#5,Brand#51,LARGE BRUSHED TIN,40,SM JAR,1122.10,nic deposits. regu
120103,indian goldenrod lime cream light,Manufacturer#5,Brand#55,SMALL PLATED TIN,16,SM BAG,1123.10,lithel
120104,misty cornsilk thistle burlywood peach,Manufacturer#5,Brand#54,PROMO BURNISHED COPPER,13,JUMBO CAN,1124.10,efully ironic requests
120105,spring hot snow almond goldenrod,Manufacturer#5,Brand#53,STANDARD ANODIZED COPPER,29,MED CAN,1125.10,ly unus
120106,yellow chocolate chartreuse peru olive,Manufacturer#3,Brand#34,ECONOMY PLATED STEEL,29,WRAP DRUM,1126.10,posits r
120107,papaya rosy dodger dim azure,Manufacturer#2,Brand#22,PROMO ANODIZED TIN,38,WRAP BOX,1127.10,slyly expres
120108,deep chocolate brown magenta lemon,Manufacturer#1,Brand#15,MEDIUM PLATED BRASS,39,MED BAG,1128.10,ongside of the accou
120109,antique orchid yellow red honeydew,Manufacturer#3,Brand#31,STANDARD PLATED NICKEL,36,MED JAR,1129.10,s boost fluffi
120110,chocolate orchid khaki papaya antique,Manufacturer#2,Brand#25,SMALL PLATED BRASS,27,SM CAN,1130.11,ual accounts. regul
120111,mint grey beige orchid aquamarine,Manufacturer#3,Brand#35,ECONOMY PLATED NICKEL,4,SM BOX,1131.11,ously furi
120112,brown wheat royal indian hot,Manufacturer#5,Brand#55,ECONOMY BURNISHED STEEL,9,WRAP BAG,1132.11,de of t
120113,brown beige floral slate burnished,Manufacturer#1,Brand#15,SMALL BURNISHED NICKEL,36,MED PACK,1133.11,ans wake. blit
120114,light hot beige saddle gainsboro,Manufacturer#5,Brand#52,LARGE BURNISHED TIN,41,SM CAN,1134.11,ts kindle across the
120115,gainsboro aquamarine cornsilk chiffon hot,Manufacturer#3,Brand#31,SMALL PLATED STEEL,14,LG PACK,1135.11,fily ironic de
120116,lace sandy drab rose cream,Manufacturer#1,Brand#11,LARGE PLATED TIN,16,LG PACK,1136.11,leep across 
120117,chiffon rosy powder orchid metallic,Manufacturer#5,Brand#53,LARGE BURNISHED COPPER,48,SM CAN,1137.11,e always.
120118,mint medium lemon frosted burlywood,Manufacturer#4,Brand#42,LARGE BURNISHED NICKEL,16,MED BAG,1138.11,ing requests af
120119,salmon cornsilk lawn ivory bisque,Manufacturer#4,Brand#44,STANDARD BRUSHED STEEL,23,SM DRUM,1139.11,ve the slyly f
120120,moccasin tan misty linen blanched,Manufacturer#2,Brand#22,MEDIUM ANODIZED NICKEL,45,JUMBO CAN,1140.12,ackages. fu
120121,sandy thistle lawn seashell salmon,Manufacturer#4,Brand#45,ECONOMY ANODIZED TIN,13,LG DRUM,1141.12," mold slyly regular, "
120122,burnished royal salmon slate blush,Manufacturer#3,Brand#31,PROMO BRUSHED NICKEL,15,JUMBO BAG,1142.12,nal foxes. unusual fox
120123,lavender saddle royal red plum,Manufacturer#1,Brand#11,MEDIUM ANODIZED TIN,49,LG BAG,1143.12,ven requ
120124,deep olive steel slate goldenrod,Manufacturer#2,Brand#24,LARGE BRUSHED COPPER,17,JUMBO PACK,1144.12,c packag
120125,cornflower black aquamarine cornsilk coral,Manufacturer#4,Brand#44,STANDARD POLISHED NICKEL,2,LG PKG,1145.12,ang slyly amo
120126,maroon mint sienna steel violet,Manufacturer#2,Brand#25,MEDIUM POLISHED STEEL,35,JUMBO PKG,1146.12,e of the furiously exp
120127,peach gainsboro papaya orange lawn,Manufacturer#3,Brand#35,STANDARD ANODIZED STEEL,41,JUMBO PKG,1147.12,uffily. idly regul
120128,forest black cream yellow sandy,Manufacturer#2,Brand#24,LARGE ANODIZED BRASS,28,JUMBO BAG,1148.12, requests along the s
120129,black moccasin almond chocolate sky,Manufacturer#2,Brand#24,SMALL ANODIZED BRASS,32,JUMBO DRUM,1149.12,fluff
120130,misty blanched royal sienna salmon,Manufacturer#2,Brand#23,SMALL ANODIZED BRASS,10,MED PKG,1150.13,lly even deposits a
120131,lemon green navy blue indian,Manufacturer#2,Brand#23,SMALL BRUSHED TIN,10,LG CAN,1151.13,"iously final, "
120132,ivory snow olive tan dark,Manufacturer#2,Brand#24,PROMO POLISHED COPPER,50,MED CASE,1152.13,t packages. evenly reg
120133,honeydew deep cyan burnished light,Manufacturer#2,Brand#25,LARGE POLISHED BRASS,12,LG CAN,1153.13,integrat
120134,olive gainsboro violet steel brown,Manufacturer#5,Brand#54,PROMO PLATED NICKEL,14,LG BOX,1154.13,manent asymptotes. f
120135,green maroon royal tan steel,Manufacturer#3,Brand#33,MEDIUM BURNISHED BRASS,26,WRAP JAR,1155.13,gular reque
120136,puff medium slate mint deep,Manufacturer#3,Brand#35,MEDIUM POLISHED TIN,25,MED DRUM,1156.13,ven reques
120137,sandy snow burnished goldenrod azure,Manufacturer#5,Brand#53,PROMO BURNISHED COPPER,13,LG DRUM,1157.13,ole blithely bold
120138,aquamarine thistle violet deep royal,Manufacturer#3,Brand#34,PROMO BRUSHED TIN,21,LG CAN,1158.13,uriously special du
120139,ghost forest burnished moccasin seashell,Manufacturer#4,Brand#43,ECONOMY PLATED TIN,25,LG PKG,1159.13,e carefully
120140,mint sky misty dodger forest,Manufacturer#5,Brand#53,MEDIUM PLATED COPPER,20,JUMBO CASE,1160.14,even deposi
120141,navy ghost spring mint lawn,Manufacturer#4,Brand#45,STANDARD BRUSHED STEEL,29,LG JAR,1161.14,ss requ
120142,firebrick navajo dim cream sandy,Manufacturer#1,Brand#14,PROMO ANODIZED COPPER,26,JUMBO CAN,1162.14,cajole
120143,ivory navajo black lace honeydew,Manufacturer#5,Brand#55,PROMO BRUSHED STEEL,8,JUMBO BAG,1163.14, ironic a
120144,rose medium lemon aquamarine royal,Manufacturer#2,Brand#24,PROMO PLATED NICKEL,37,WRAP PACK,1164.14,sual th
120145,navajo violet lace aquamarine rosy,Manufacturer#4,Brand#44,LARGE BURNISHED NICKEL,48,JUMBO CAN,1165.14,ecial pinto be
120146,rosy medium floral light red,Manufacturer#3,Brand#35,MEDIUM ANODIZED COPPER,12,SM PACK,1166.14,ainst the final
120147,azure coral purple white saddle,Manufacturer#1,Brand#13,STANDARD PLATED BRASS,16,LG PACK,1167.14,efully even ideas. u
120148,pink hot brown turquoise navy,Manufacturer#3,Brand#34,PROMO ANODIZED COPPER,48,LG JAR,1168.14,ely regular d
120149,bisque spring moccasin hot antique,Manufacturer#4,Brand#45,LARGE ANODIZED COPPER,3,MED JAR,1169.14,ld packages breach
120150,cornsilk purple medium frosted hot,Manufacturer#4,Brand#44,ECONOMY BRUSHED COPPER,8,LG CAN,1170.15,e quickly quickly e
120151,ghost steel royal moccasin rose,Manufacturer#1,Brand#11,SMALL PLATED COPPER,38,SM DRUM,1171.15,unts. regular dol
120152,dim green saddle sandy blanched,Manufacturer#2,Brand#22,SMALL PLATED NICKEL,38,LG JAR,1172.15, ironic foxes. care
120153,grey tomato light wheat frosted,Manufacturer#5,Brand#54,STANDARD PLATED COPPER,23,LG CASE,1173.15,lithe
120154,midnight burnished tomato orange goldenrod,Manufacturer#2,Brand#22,ECONOMY BURNISHED STEEL,15,SM PACK,1174.15,the furiously iro
120155,royal bisque brown saddle beige,Manufacturer#3,Brand#34,STANDARD POLISHED COPPER,40,WRAP BOX,1175.15,rses u
120156,navajo frosted gainsboro violet lawn,Manufacturer#3,Brand#35,MEDIUM POLISHED COPPER,43,WRAP PKG,1176.15,ts ma
120157,plum steel medium orange orchid,Manufacturer#5,Brand#55,PROMO POLISHED NICKEL,20,WRAP BOX,1177.15,thely ev
120158,beige deep chocolate lawn moccasin,Manufacturer#4,Brand#45,SMALL PLATED TIN,30,SM CAN,1178.15,gular theodoli
120159,coral linen navajo aquamarine rose,Manufacturer#2,Brand#24,STANDARD POLISHED STEEL,15,SM CAN,1179.15, pack
120160,cream brown purple sky ivory,Manufacturer#1,Brand#13,PROMO BRUSHED STEEL,49,LG DRUM,1180.16,uctio
120161,sienna peru azure white dodger,Manufacturer#4,Brand#41,ECONOMY POLISHED NICKEL,37,WRAP DRUM,1181.16,ach ca
120162,blue cyan metallic puff burlywood,Manufacturer#5,Brand#55,ECONOMY POLISHED STEEL,43,WRAP CAN,1182.16, the 
120163,gainsboro goldenrod dark saddle white,Manufacturer#2,Brand#25,MEDIUM BRUSHED STEEL,39,JUMBO CAN,1183.16,. furiously special 
120164,floral chocolate blanched almond aquamarine,Manufacturer#4,Brand#43,MEDIUM POLISHED COPPER,46,JUMBO CASE,1184.16,s caj
120165,cornsilk blush firebrick blanched dim,Manufacturer#4,Brand#44,STANDARD PLATED TIN,46,LG JAR,1185.16,ys after th
120166,pink brown burnished rose cream,Manufacturer#1,Brand#11,PROMO PLATED TIN,16,JUMBO PACK,1186.16,t the special
120167,smoke peru slate sienna spring,Manufacturer#5,Brand#52,STANDARD BURNISHED NICKEL,3,WRAP DRUM,1187.16, packages cajole b
120168,brown beige peach navy powder,Manufacturer#1,Brand#15,PROMO BURNISHED STEEL,9,WRAP PACK,1188.16,aggle inside the in
120169,midnight forest black floral sky,Manufacturer#4,Brand#45,STANDARD PLATED BRASS,15,SM BOX,1189.16,kages. carefully ironi
120170,cornflower snow blush yellow dodger,Manufacturer#1,Brand#12,ECONOMY BURNISHED COPPER,49,MED PACK,1190.17,refully express in
120171,cornflower khaki ivory coral yellow,Manufacturer#5,Brand#55,STANDARD PLATED NICKEL,32,WRAP BAG,1191.17, haggle
120172,peach pale hot blanched ghost,Manufacturer#4,Brand#42,ECONOMY ANODIZED TIN,33,MED CAN,1192.17,ar deposits use caref
120173,azure burnished tomato mint spring,Manufacturer#1,Brand#12,SMALL ANODIZED TIN,2,LG DRUM,1193.17,le quickly
120174,purple yellow misty spring brown,Manufacturer#1,Brand#11,LARGE BRUSHED TIN,39,JUMBO PKG,1194.17,as print 
120175,honeydew red chiffon lawn wheat,Manufacturer#1,Brand#11,PROMO BRUSHED BRASS,7,LG CAN,1195.17, blithel
120176,seashell cream blue bisque lavender,Manufacturer#2,Brand#23,MEDIUM BRUSHED BRASS,15,SM PACK,1196.17,have to are caref
120177,lime maroon dim goldenrod forest,Manufacturer#2,Brand#22,STANDARD BURNISHED TIN,15,JUMBO CAN,1197.17,arefully
120178,lace aquamarine goldenrod purple khaki,Manufacturer#1,Brand#11,STANDARD ANODIZED COPPER,43,LG CASE,1198.17,quickly bold a
120179,seashell yellow gainsboro ivory pink,Manufacturer#1,Brand#13,LARGE BURNISHED COPPER,41,SM DRUM,1199.17,sly ironic requ
120180,chiffon wheat lavender coral navajo,Manufacturer#4,Brand#44,STANDARD ANODIZED BRASS,5,SM BOX,1200.18, the furiously bold
120181,azure pale hot ghost brown,Manufacturer#5,Brand#55,PROMO BURNISHED NICKEL,30,SM CAN,1201.18,hy dolphin
120182,maroon papaya thistle indian blue,Manufacturer#4,Brand#45,PROMO BURNISHED STEEL,26,LG CASE,1202.18,ously between t
120183,red lace puff seashell chiffon,Manufacturer#4,Brand#43,SMALL PLATED COPPER,13,JUMBO CASE,1203.18,ets sn
120184,puff drab gainsboro khaki forest,Manufacturer#4,Brand#42,ECONOMY POLISHED BRASS,21,LG CASE,1204.18,ross the blithely even
120185,purple olive burlywood chocolate white,Manufacturer#3,Brand#32,PROMO BURNISHED NICKEL,3,MED PACK,1205.18,e flu
120186,navajo olive plum midnight spring,Manufacturer#4,Brand#44,PROMO PLATED BRASS,21,MED PKG,1206.18,es. requests abo
120187,rose puff floral ivory cream,Manufacturer#2,Brand#21,SMALL POLISHED COPPER,6,MED BOX,1207.18,hely whitho
120188,tan navy goldenrod powder black,Manufacturer#5,Brand#53,PROMO ANODIZED COPPER,9,MED CAN,1208.18,ites haggle fu
120189,rose turquoise purple salmon linen,Manufacturer#4,Brand#43,LARGE BURNISHED NICKEL,30,MED BAG,1209.18,requests sleep qu
120190,slate white salmon brown grey,Manufacturer#2,Brand#25,SMALL PLATED COPPER,1,MED CASE,1210.19, the bold
120191,navajo deep goldenrod lawn misty,Manufacturer#1,Brand#12,PROMO BRUSHED BRASS,20,LG JAR,1211.19,ular f
120192,ivory smoke indian brown grey,Manufacturer#1,Brand#15,MEDIUM BURNISHED STEEL,3,WRAP BOX,1212.19,eposits 
120193,salmon thistle sienna smoke dim,Manufacturer#3,Brand#34,PROMO PLATED BRASS,14,MED CASE,1213.19, care
120194,pink blush light sky moccasin,Manufacturer#5,Brand#51,SMALL BRUSHED NICKEL,21,LG CASE,1214.19,"ic, si"
120195,medium mint dark orange firebrick,Manufacturer#1,Brand#15,LARGE ANODIZED COPPER,22,JUMBO DRUM,1215.19,y ironi
120196,saddle black navy rosy hot,Manufacturer#5,Brand#52,STANDARD BRUSHED STEEL,38,MED PKG,1216.19,thely 
120197,khaki cornflower pink dim black,Manufacturer#3,Brand#32,LARGE PLATED BRASS,29,JUMBO JAR,1217.19,ssly ironic
120198,peru lemon spring maroon gainsboro,Manufacturer#2,Brand#22,MEDIUM BRUSHED TIN,37,LG PACK,1218.19,ide the thin acco
120199,smoke steel khaki hot light,Manufacturer#3,Brand#32,MEDIUM POLISHED BRASS,40,SM PACK,1219.19,along the regu
120200,chocolate medium slate rose cornflower,Manufacturer#5,Brand#54,LARGE BRUSHED TIN,13,SM BOX,1220.20,heodolite
120201,blush chartreuse linen yellow sienna,Manufacturer#5,Brand#52,STANDARD POLISHED COPPER,6,JUMBO BAG,1221.20, quick foxes nag caref
120202,blush aquamarine orange pale violet,Manufacturer#3,Brand#33,ECONOMY ANODIZED COPPER,23,LG CASE,1222.20,lyly after the e
120203,mint pale lace chocolate saddle,Manufacturer#3,Brand#33,MEDIUM POLISHED BRASS,40,WRAP PKG,1223.20,e of the bol
120204,black ghost sandy light ivory,Manufacturer#4,Brand#43,MEDIUM PLATED BRASS,36,SM JAR,1224.20,ove the bold p
120205,peru peach antique violet puff,Manufacturer#2,Brand#23,LARGE POLISHED NICKEL,28,LG PACK,1225.20,. blithely regu
120206,coral cornsilk cream steel sienna,Manufacturer#1,Brand#11,STANDARD POLISHED STEEL,26,MED CASE,1226.20,structions h
120207,ivory burnished powder forest beige,Manufacturer#2,Brand#25,LARGE BURNISHED NICKEL,3,MED PKG,1227.20,lithe
120208,peach maroon wheat azure sky,Manufacturer#5,Brand#52,LARGE ANODIZED TIN,35,WRAP CASE,1228.20,y slyly unusual in
120209,ivory midnight chartreuse mint steel,Manufacturer#3,Brand#33,PROMO BRUSHED STEEL,41,MED CASE,1229.20,ccording to the quick
120210,forest ghost khaki blush bisque,Manufacturer#3,Brand#35,SMALL POLISHED TIN,9,WRAP BOX,1230.21, even pinto
120211,spring magenta royal tomato pale,Manufacturer#3,Brand#31,MEDIUM PLATED TIN,44,JUMBO PKG,1231.21,slyly even
120212,honeydew chartreuse burnished black sienna,Manufacturer#3,Brand#32,SMALL BURNISHED NICKEL,38,MED CAN,1232.21,ously pending pinto
120213,light khaki sienna peach dodger,Manufacturer#5,Brand#54,STANDARD PLATED COPPER,23,MED PKG,1233.21, silent requests subl
120214,ivory navy green white thistle,Manufacturer#4,Brand#45,ECONOMY ANODIZED NICKEL,40,SM BOX,1234.21,aggle. f
120215,blush pink grey ivory chartreuse,Manufacturer#1,Brand#12,LARGE BRUSHED COPPER,41,SM BOX,1235.21,posits a
120216,orchid rosy coral dodger plum,Manufacturer#5,Brand#53,SMALL BURNISHED COPPER,47,LG DRUM,1236.21,ronic packages.
120217,pink black coral antique almond,Manufacturer#2,Brand#23,PROMO ANODIZED NICKEL,18,JUMBO BOX,1237.21, the evenly express pe
120218,moccasin plum gainsboro firebrick coral,Manufacturer#2,Brand#21,MEDIUM BRUSHED COPPER,25,SM DRUM,1238.21,nts. decoys are upon 
120219,bisque gainsboro puff cyan cream,Manufacturer#2,Brand#24,LARGE BURNISHED TIN,27,LG BAG,1239.21,ly si
120220,lime plum brown bisque orange,Manufacturer#5,Brand#52,SMALL BRUSHED COPPER,41,LG PACK,1240.22,y ironic fox
120221,peru ivory spring brown gainsboro,Manufacturer#3,Brand#32,PROMO ANODIZED BRASS,38,SM PKG,1241.22,dolites haggl
120222,plum lime lawn moccasin cornflower,Manufacturer#5,Brand#53,MEDIUM PLATED STEEL,45,JUMBO CASE,1242.22,ggedly bold
120223,goldenrod cornflower moccasin smoke peru,Manufacturer#1,Brand#12,MEDIUM ANODIZED NICKEL,20,JUMBO PACK,1243.22,uriously final theo
120224,light maroon firebrick thistle mint,Manufacturer#2,Brand#24,STANDARD BURNISHED BRASS,42,JUMBO PKG,1244.22,blithely carefully fin
120225,saddle cornflower rosy dim puff,Manufacturer#4,Brand#43,LARGE PLATED STEEL,37,LG PKG,1245.22,ges. carefully pend
120226,mint cyan tan purple plum,Manufacturer#4,Brand#43,MEDIUM PLATED COPPER,7,SM JAR,1246.22,ag fur
120227,burnished violet blush hot sandy,Manufacturer#2,Brand#22,STANDARD ANODIZED COPPER,7,MED DRUM,1247.22,l orbi
120228,lawn midnight dim blanched violet,Manufacturer#1,Brand#13,PROMO POLISHED TIN,41,SM DRUM,1248.22,arhorses. bl
120229,firebrick goldenrod sky maroon forest,Manufacturer#5,Brand#54,LARGE BURNISHED COPPER,1,MED CASE,1249.22,regular accounts be
120230,beige rosy lace olive floral,Manufacturer#2,Brand#22,LARGE PLATED NICKEL,20,WRAP PACK,1250.23,e carefully at t
120231,puff lemon lavender dodger cornflower,Manufacturer#4,Brand#44,MEDIUM BRUSHED NICKEL,8,LG BOX,1251.23,ts. blithely re
120232,linen salmon purple indian orchid,Manufacturer#1,Brand#15,MEDIUM BURNISHED COPPER,34,SM JAR,1252.23, pinto beans. idea
120233,lace lime light azure steel,Manufacturer#3,Brand#32,LARGE PLATED NICKEL,46,LG PKG,1253.23,ely along the slyly ir
120234,maroon blush goldenrod dark magenta,Manufacturer#1,Brand#14,LARGE ANODIZED BRASS,45,MED PKG,1254.23,xpress excus
120235,cyan blush orchid wheat magenta,Manufacturer#2,Brand#24,MEDIUM ANODIZED COPPER,37,WRAP JAR,1255.23,s detect thinl
120236,puff coral navy spring rosy,Manufacturer#3,Brand#35,ECONOMY ANODIZED NICKEL,43,WRAP JAR,1256.23,frays. blit
120237,chocolate spring dodger ghost red,Manufacturer#5,Brand#53,LARGE PLATED NICKEL,17,LG DRUM,1257.23, furiously 
120238,burlywood floral saddle medium chiffon,Manufacturer#5,Brand#55,ECONOMY BURNISHED TIN,47,JUMBO PACK,1258.23, furiously ironic 
120239,salmon indian beige pink lavender,Manufacturer#3,Brand#31,LARGE POLISHED STEEL,45,JUMBO BOX,1259.23,alongsid
120240,moccasin blush peach cream tan,Manufacturer#2,Brand#22,ECONOMY BRUSHED NICKEL,36,WRAP CAN,1260.24,o the express dep
120241,cornflower powder turquoise chiffon yellow,Manufacturer#1,Brand#11,SMALL POLISHED COPPER,38,JUMBO BOX,1261.24,ges. carefull
120242,khaki deep tomato goldenrod wheat,Manufacturer#1,Brand#15,MEDIUM PLATED NICKEL,28,WRAP BAG,1262.24,l reque
120243,lemon blush indian white deep,Manufacturer#2,Brand#22,PROMO BRUSHED STEEL,28,LG PACK,1263.24,kages. theodolit
120244,royal peru powder chartreuse misty,Manufacturer#3,Brand#32,SMALL BURNISHED STEEL,32,MED JAR,1264.24, about the blithely bu
120245,powder frosted rosy turquoise indian,Manufacturer#1,Brand#14,SMALL BRUSHED COPPER,30,LG BOX,1265.24,beans are quickly a
120246,chiffon firebrick lavender brown coral,Manufacturer#3,Brand#31,MEDIUM ANODIZED NICKEL,32,JUMBO CAN,1266.24,s asym
120247,metallic maroon seashell aquamarine cyan,Manufacturer#3,Brand#33,LARGE BURNISHED STEEL,16,MED JAR,1267.24,ons ca
120248,grey antique puff sienna magenta,Manufacturer#1,Brand#11,STANDARD POLISHED TIN,13,SM DRUM,1268.24,efully even packa
120249,floral hot gainsboro misty lavender,Manufacturer#5,Brand#54,LARGE BURNISHED NICKEL,32,SM CASE,1269.24, final foxes. fluffily
120250,bisque cream hot navy misty,Manufacturer#5,Brand#52,MEDIUM POLISHED COPPER,38,WRAP PACK,1270.25,r requests along th
120251,burnished olive orchid cream peach,Manufacturer#1,Brand#14,LARGE PLATED COPPER,33,WRAP CASE,1271.25,riously accou
120252,chocolate honeydew floral tan lemon,Manufacturer#2,Brand#21,LARGE ANODIZED NICKEL,43,MED PACK,1272.25,s against the slyly 
120253,dodger cyan papaya orchid steel,Manufacturer#1,Brand#12,LARGE POLISHED STEEL,49,SM BOX,1273.25,gular foxes i
120254,pink drab tan sky smoke,Manufacturer#5,Brand#55,ECONOMY POLISHED STEEL,40,SM PACK,1274.25, are slyly pen
120255,saddle drab royal cornflower lavender,Manufacturer#2,Brand#24,ECONOMY ANODIZED NICKEL,28,MED PACK,1275.25,fully after the regul
120256,slate azure floral sandy peach,Manufacturer#4,Brand#42,SMALL BRUSHED STEEL,31,LG JAR,1276.25,ickly even dep
120257,snow sandy chocolate gainsboro dodger,Manufacturer#2,Brand#23,MEDIUM POLISHED TIN,25,LG PKG,1277.25,ic dependencies integr
120258,floral medium seashell hot grey,Manufacturer#1,Brand#13,STANDARD PLATED STEEL,9,MED PKG,1278.25,s. spec
120259,burnished mint magenta spring lime,Manufacturer#2,Brand#25,LARGE PLATED TIN,32,MED PKG,1279.25,ven request
120260,sky burnished thistle linen maroon,Manufacturer#2,Brand#25,STANDARD PLATED BRASS,41,JUMBO PKG,1280.26,es. bold pinto bea
120261,seashell lawn peru blue forest,Manufacturer#5,Brand#51,ECONOMY BRUSHED COPPER,22,WRAP DRUM,1281.26, quic
120262,black azure snow navy goldenrod,Manufacturer#5,Brand#51,PROMO BURNISHED NICKEL,44,WRAP BOX,1282.26,pending dependencie
120263,dark azure blanched salmon pink,Manufacturer#4,Brand#44,MEDIUM PLATED STEEL,4,LG CASE,1283.26,y slyl
120264,blue blanched snow red spring,Manufacturer#3,Brand#34,ECONOMY PLATED NICKEL,37,WRAP PACK,1284.26,"sual, final reque"
120265,pale azure papaya peach black,Manufacturer#2,Brand#23,MEDIUM POLISHED COPPER,31,WRAP CASE,1285.26,usual escapades h
120266,snow lavender antique medium cornsilk,Manufacturer#2,Brand#21,ECONOMY POLISHED STEEL,14,SM PACK,1286.26,tions haggle
120267,ghost honeydew mint cyan blush,Manufacturer#2,Brand#25,LARGE ANODIZED STEEL,11,JUMBO CASE,1287.26, haggle blith
120268,antique khaki medium navy frosted,Manufacturer#5,Brand#54,LARGE BURNISHED BRASS,20,JUMBO JAR,1288.26,lent ideas
120269,tan turquoise pale coral chocolate,Manufacturer#4,Brand#43,STANDARD BURNISHED BRASS,18,SM CAN,1289.26,ckages above the
120270,pink lemon forest violet aquamarine,Manufacturer#4,Brand#43,PROMO BURNISHED STEEL,48,JUMBO DRUM,1290.27,ckly ironic 
120271,drab maroon linen dark almond,Manufacturer#5,Brand#51,PROMO BURNISHED NICKEL,20,SM CAN,1291.27,sly r
120272,black mint aquamarine midnight navajo,Manufacturer#2,Brand#24,SMALL BURNISHED STEEL,14,LG JAR,1292.27,ld requests; slyly s
120273,burlywood thistle dim purple orange,Manufacturer#1,Brand#14,STANDARD BURNISHED BRASS,20,LG CASE,1293.27, hang? sp
120274,papaya drab navy peach sky,Manufacturer#5,Brand#55,SMALL BURNISHED STEEL,19,MED BAG,1294.27,ptotes. blithe
120275,bisque rose tomato black white,Manufacturer#4,Brand#41,LARGE POLISHED NICKEL,21,WRAP JAR,1295.27,the fin
120276,indian goldenrod cyan hot cornflower,Manufacturer#4,Brand#45,STANDARD BURNISHED COPPER,1,WRAP JAR,1296.27,y above the c
120277,magenta peach peru navy papaya,Manufacturer#2,Brand#24,PROMO BURNISHED COPPER,13,MED CASE,1297.27,tructions. sl
120278,brown spring purple magenta chocolate,Manufacturer#2,Brand#21,PROMO BRUSHED BRASS,28,JUMBO CASE,1298.27,ironic re
120279,drab dodger deep puff aquamarine,Manufacturer#3,Brand#33,LARGE BRUSHED TIN,2,JUMBO JAR,1299.27,y bold ideas. quickly
120280,burnished powder azure tomato olive,Manufacturer#2,Brand#22,LARGE BRUSHED BRASS,29,MED DRUM,1300.28, are always ac
120281,cornsilk powder wheat puff royal,Manufacturer#2,Brand#25,MEDIUM POLISHED BRASS,11,JUMBO PACK,1301.28,"ular, q"
120282,lace violet sienna linen burlywood,Manufacturer#4,Brand#43,MEDIUM BURNISHED COPPER,8,MED PACK,1302.28,lithe
120283,lavender light papaya sandy olive,Manufacturer#1,Brand#11,PROMO POLISHED BRASS,46,JUMBO CAN,1303.28,oss the
120284,lavender midnight cornflower deep chartreuse,Manufacturer#5,Brand#52,MEDIUM BRUSHED BRASS,22,MED CAN,1304.28, detect. slyly s
120285,midnight lime turquoise red spring,Manufacturer#4,Brand#44,PROMO BRUSHED COPPER,5,WRAP BOX,1305.28,hall have 
120286,thistle violet plum burlywood rosy,Manufacturer#1,Brand#13,LARGE ANODIZED STEEL,11,WRAP CASE,1306.28,boost. car
120287,violet metallic blue spring medium,Manufacturer#5,Brand#53,MEDIUM PLATED STEEL,18,SM JAR,1307.28,lyly even packa
120288,tan black cyan olive salmon,Manufacturer#2,Brand#25,STANDARD POLISHED BRASS,22,LG CAN,1308.28,urious
120289,slate misty maroon aquamarine puff,Manufacturer#4,Brand#41,MEDIUM BRUSHED STEEL,15,LG DRUM,1309.28,refully 
120290,misty turquoise cornflower almond lemon,Manufacturer#2,Brand#25,STANDARD PLATED NICKEL,9,MED BAG,1310.29, bold in
120291,steel khaki lemon red sandy,Manufacturer#2,Brand#22,STANDARD POLISHED STEEL,47,MED PACK,1311.29,quickly pending asymp
120292,blush floral blanched lemon saddle,Manufacturer#3,Brand#34,STANDARD BRUSHED NICKEL,32,JUMBO DRUM,1312.29,ges detect furiousl
120293,navajo royal smoke deep honeydew,Manufacturer#5,Brand#51,STANDARD ANODIZED TIN,20,SM CAN,1313.29,he packa
120294,orchid orange aquamarine sienna slate,Manufacturer#3,Brand#34,PROMO ANODIZED STEEL,31,JUMBO PACK,1314.29,ing packages wake quic
120295,mint purple burlywood maroon linen,Manufacturer#5,Brand#51,ECONOMY PLATED NICKEL,34,SM DRUM,1315.29, carefu
120296,khaki linen gainsboro ghost grey,Manufacturer#4,Brand#44,ECONOMY BRUSHED COPPER,9,JUMBO BAG,1316.29,lly packages. expres
120297,burlywood indian lawn pale navy,Manufacturer#3,Brand#34,MEDIUM BRUSHED BRASS,48,MED PKG,1317.29,fily after the re
120298,gainsboro seashell red bisque firebrick,Manufacturer#1,Brand#15,MEDIUM PLATED NICKEL,30,LG JAR,1318.29,ly even pint
120299,sienna maroon lemon moccasin blush,Manufacturer#2,Brand#21,PROMO BURNISHED TIN,21,WRAP BOX,1319.29, idle pack
120300,dark orange dim burlywood mint,Manufacturer#5,Brand#52,SMALL BURNISHED COPPER,23,WRAP CAN,1320.30,ges. fluffily unusual 
120301,cornsilk indian blanched dodger burnished,Manufacturer#4,Brand#43,MEDIUM BRUSHED COPPER,36,MED CASE,1321.30,ptotes sleep furio
120302,sandy violet tomato frosted floral,Manufacturer#4,Brand#41,STANDARD BURNISHED TIN,37,JUMBO DRUM,1322.30,g accordin
120303,rosy pink papaya deep beige,Manufacturer#4,Brand#45,STANDARD BRUSHED BRASS,32,MED PACK,1323.30,s cajole fluffily ab
120304,mint saddle gainsboro antique royal,Manufacturer#5,Brand#54,SMALL BRUSHED COPPER,32,LG CASE,1324.30,ans doze slyly bli
120305,orange salmon ghost snow purple,Manufacturer#5,Brand#52,SMALL BURNISHED BRASS,14,JUMBO CASE,1325.30,theodolites na
120306,almond magenta thistle forest lavender,Manufacturer#3,Brand#31,MEDIUM ANODIZED TIN,32,JUMBO PKG,1326.30,nic co
120307,smoke cornsilk floral powder cornflower,Manufacturer#1,Brand#13,LARGE PLATED TIN,23,LG DRUM,1327.30,ial do
120308,lawn light indian ivory drab,Manufacturer#3,Brand#32,STANDARD ANODIZED STEEL,12,JUMBO BAG,1328.30,hless excuses 
120309,green olive slate lemon blush,Manufacturer#5,Brand#54,STANDARD BRUSHED NICKEL,1,SM CAN,1329.30,he furi
120310,turquoise cyan lemon dodger sandy,Manufacturer#4,Brand#41,PROMO PLATED TIN,43,JUMBO BOX,1330.31,ies ar
120311,misty slate maroon magenta blue,Manufacturer#5,Brand#55,MEDIUM ANODIZED TIN,40,JUMBO DRUM,1331.31, regularly unusual 
120312,navajo deep moccasin chocolate peach,Manufacturer#5,Brand#53,ECONOMY POLISHED STEEL,45,MED BOX,1332.31,ironic idea
120313,mint moccasin pale navy orange,Manufacturer#1,Brand#13,STANDARD PLATED TIN,44,MED CASE,1333.31,arefully final cou
120314,medium ghost grey papaya steel,Manufacturer#4,Brand#43,SMALL PLATED NICKEL,6,WRAP PACK,1334.31,kages use accounts
120315,rose rosy bisque lemon burlywood,Manufacturer#2,Brand#21,MEDIUM BURNISHED COPPER,40,WRAP BAG,1335.31,y special platelets.
120316,honeydew sienna dark rose royal,Manufacturer#5,Brand#55,SMALL ANODIZED STEEL,23,WRAP JAR,1336.31,slyly about the depos
120317,goldenrod yellow midnight green peach,Manufacturer#3,Brand#35,PROMO ANODIZED NICKEL,25,SM BAG,1337.31,riously. 
120318,spring antique blue lavender blanched,Manufacturer#1,Brand#15,PROMO PLATED BRASS,40,WRAP CASE,1338.31,hely silent
120319,lemon metallic chiffon dark plum,Manufacturer#5,Brand#52,ECONOMY PLATED STEEL,17,WRAP CASE,1339.31,kages
120320,grey rose khaki blanched orange,Manufacturer#5,Brand#54,SMALL BURNISHED NICKEL,28,JUMBO JAR,1340.32,nts integrate ironic a
120321,moccasin purple bisque plum sienna,Manufacturer#2,Brand#23,PROMO PLATED BRASS,25,JUMBO PKG,1341.32," the regular, unusual"
120322,maroon misty tan dodger wheat,Manufacturer#1,Brand#11,ECONOMY BURNISHED STEEL,18,MED CASE,1342.32,ong t
120323,firebrick linen navy sienna dodger,Manufacturer#3,Brand#33,PROMO BRUSHED STEEL,16,JUMBO JAR,1343.32, boost carefully ev
120324,turquoise rosy almond medium puff,Manufacturer#2,Brand#21,PROMO PLATED COPPER,26,WRAP PKG,1344.32,lent excuses
120325,navy orange wheat saddle smoke,Manufacturer#5,Brand#51,ECONOMY PLATED NICKEL,6,WRAP BAG,1345.32,. even requests nod. c
120326,yellow salmon lawn wheat dim,Manufacturer#3,Brand#31,SMALL POLISHED BRASS,37,SM BOX,1346.32, carefully unusual 
120327,dodger smoke chiffon frosted burnished,Manufacturer#2,Brand#24,MEDIUM POLISHED COPPER,48,JUMBO JAR,1347.32,ithely even 
120328,chiffon moccasin linen steel burlywood,Manufacturer#5,Brand#55,STANDARD BURNISHED NICKEL,41,MED CASE,1348.32,bout the ironic depos
120329,blue brown sky gainsboro lace,Manufacturer#1,Brand#13,STANDARD BRUSHED STEEL,32,WRAP JAR,1349.32,quests cajole quie
120330,bisque almond slate thistle maroon,Manufacturer#4,Brand#43,PROMO POLISHED STEEL,38,WRAP JAR,1350.33,fully after the blith
120331,purple spring turquoise blanched bisque,Manufacturer#5,Brand#54,LARGE BRUSHED COPPER,43,JUMBO CAN,1351.33,luffily ironic
120332,burlywood blue maroon blush ghost,Manufacturer#3,Brand#35,SMALL BURNISHED COPPER,11,LG BOX,1352.33,s. pinto beans are ne
120333,papaya tomato antique lime lavender,Manufacturer#5,Brand#54,PROMO BURNISHED TIN,45,SM PKG,1353.33,"cial, sly frets s"
120334,antique red tomato puff white,Manufacturer#4,Brand#42,STANDARD BRUSHED TIN,37,SM PACK,1354.33,ackages use carefull
120335,floral tan khaki smoke saddle,Manufacturer#3,Brand#32,PROMO BRUSHED STEEL,42,SM PKG,1355.33, doggedly stealthy
120336,honeydew wheat white antique bisque,Manufacturer#1,Brand#13,STANDARD PLATED NICKEL,5,SM CASE,1356.33,y unus
120337,tan rose burnished dim cornflower,Manufacturer#5,Brand#53,PROMO PLATED NICKEL,42,WRAP JAR,1357.33,c deposits are fur
120338,azure grey rosy peru seashell,Manufacturer#5,Brand#52,PROMO PLATED COPPER,18,SM JAR,1358.33,e carefully fluffily e
120339,plum gainsboro puff snow sienna,Manufacturer#1,Brand#15,LARGE POLISHED STEEL,36,WRAP BAG,1359.33, unusual braids
120340,cornsilk rosy rose dim cornflower,Manufacturer#1,Brand#13,LARGE POLISHED BRASS,37,JUMBO BOX,1360.34,es nag. final 
120341,snow papaya peru seashell orange,Manufacturer#2,Brand#24,LARGE PLATED COPPER,23,WRAP PACK,1361.34,about the slyly 
120342,tan deep smoke moccasin purple,Manufacturer#2,Brand#24,MEDIUM PLATED NICKEL,50,LG BOX,1362.34,requests? 
120343,lime olive deep lace puff,Manufacturer#2,Brand#25,ECONOMY POLISHED COPPER,28,LG BAG,1363.34,s cajole: 
120344,chocolate chartreuse almond olive navajo,Manufacturer#1,Brand#14,ECONOMY POLISHED TIN,48,JUMBO PKG,1364.34,"l, even deposits "
120345,peach floral rosy ivory almond,Manufacturer#5,Brand#53,STANDARD BURNISHED NICKEL,13,WRAP CAN,1365.34,r platelet
120346,almond spring lavender burnished cornsilk,Manufacturer#5,Brand#55,SMALL BURNISHED NICKEL,6,SM DRUM,1366.34,sleep about t
120347,lime blue papaya ivory royal,Manufacturer#2,Brand#21,STANDARD POLISHED COPPER,48,JUMBO CAN,1367.34, furiously slyly
120348,brown maroon indian navajo midnight,Manufacturer#1,Brand#11,MEDIUM ANODIZED COPPER,49,LG CASE,1368.34,", pending"
120349,chiffon honeydew spring rosy wheat,Manufacturer#2,Brand#21,SMALL BRUSHED TIN,5,SM PKG,1369.34,r foxes. fo
120350,magenta aquamarine firebrick hot dark,Manufacturer#3,Brand#34,SMALL BURNISHED STEEL,28,SM BOX,1370.35,ly. reg
120351,floral rose red lavender black,Manufacturer#3,Brand#31,SMALL ANODIZED COPPER,36,SM CASE,1371.35,s. blithely i
120352,seashell burlywood black dark brown,Manufacturer#2,Brand#23,PROMO ANODIZED STEEL,2,LG BAG,1372.35, platelets wake 
120353,burlywood sandy navajo burnished yellow,Manufacturer#3,Brand#32,STANDARD BURNISHED NICKEL,18,WRAP PACK,1373.35, regular deposits wa
120354,honeydew bisque metallic thistle cream,Manufacturer#2,Brand#22,LARGE PLATED NICKEL,2,MED CAN,1374.35, the slyly br
120355,salmon antique navajo hot peru,Manufacturer#1,Brand#11,STANDARD BURNISHED COPPER,15,SM CASE,1375.35,"ic, pending pla"
120356,navajo linen wheat black blanched,Manufacturer#3,Brand#34,STANDARD ANODIZED NICKEL,9,MED CASE,1376.35,ithel
120357,slate dim dark blush purple,Manufacturer#1,Brand#11,SMALL POLISHED BRASS,11,WRAP CASE,1377.35,oxes. f
120358,coral chartreuse salmon plum sky,Manufacturer#3,Brand#33,SMALL PLATED TIN,38,JUMBO CASE,1378.35,iously around 
120359,powder pale chiffon chartreuse peach,Manufacturer#3,Brand#33,MEDIUM BURNISHED BRASS,8,SM DRUM,1379.35,al foxes boost ag
120360,black hot green rose blush,Manufacturer#2,Brand#23,MEDIUM POLISHED NICKEL,30,SM JAR,1380.36,ix fu
120361,rose black navajo seashell papaya,Manufacturer#2,Brand#21,LARGE POLISHED NICKEL,10,WRAP PKG,1381.36,beans affix f
120362,papaya cornflower black floral violet,Manufacturer#4,Brand#44,MEDIUM ANODIZED NICKEL,32,WRAP PKG,1382.36,riously about 
120363,hot lemon plum dark blue,Manufacturer#2,Brand#25,LARGE POLISHED BRASS,24,JUMBO BAG,1383.36,efully even the
120364,magenta turquoise metallic blue indian,Manufacturer#1,Brand#13,LARGE BURNISHED NICKEL,9,SM DRUM,1384.36,. busy deposi
120365,steel burlywood smoke misty lawn,Manufacturer#1,Brand#12,PROMO PLATED BRASS,14,SM JAR,1385.36,ial asymptotes 
120366,dark khaki salmon light midnight,Manufacturer#4,Brand#43,PROMO ANODIZED BRASS,42,WRAP CAN,1386.36, final accounts w
120367,midnight aquamarine forest metallic cornflower,Manufacturer#4,Brand#43,PROMO BRUSHED TIN,4,MED BOX,1387.36,e regular acc
120368,olive floral papaya khaki green,Manufacturer#5,Brand#54,MEDIUM ANODIZED COPPER,20,LG DRUM,1388.36,blithely regul
120369,wheat gainsboro blue thistle seashell,Manufacturer#4,Brand#43,LARGE BURNISHED TIN,33,LG BOX,1389.36,uickly ironic platele
120370,blush lawn rose hot bisque,Manufacturer#1,Brand#13,LARGE ANODIZED BRASS,14,WRAP CAN,1390.37,heodolites
120371,chocolate almond chiffon moccasin indian,Manufacturer#3,Brand#34,MEDIUM BURNISHED COPPER,44,LG CAN,1391.37,ajole bli
120372,navajo cream blush frosted chiffon,Manufacturer#1,Brand#13,SMALL BURNISHED NICKEL,18,SM BOX,1392.37,"leep dogged, stealthy"
120373,azure pale misty chocolate ivory,Manufacturer#3,Brand#34,LARGE PLATED COPPER,33,SM CASE,1393.37,lar ideas. caref
120374,frosted beige sienna azure khaki,Manufacturer#5,Brand#51,LARGE ANODIZED TIN,10,WRAP BOX,1394.37,e fin
120375,yellow steel chocolate wheat mint,Manufacturer#4,Brand#42,SMALL BURNISHED BRASS,16,JUMBO BAG,1395.37,nal deposits cajol
120376,maroon forest royal coral puff,Manufacturer#1,Brand#15,ECONOMY ANODIZED NICKEL,10,MED BAG,1396.37, accounts
120377,gainsboro forest powder lime thistle,Manufacturer#1,Brand#15,MEDIUM POLISHED TIN,49,JUMBO CAN,1397.37,iousl
120378,snow chocolate drab misty cyan,Manufacturer#3,Brand#35,ECONOMY POLISHED TIN,4,LG PACK,1398.37,ay permanently. 
120379,drab rosy lawn tan azure,Manufacturer#3,Brand#33,MEDIUM PLATED COPPER,20,JUMBO CAN,1399.37,ress 
120380,lavender pale mint metallic sandy,Manufacturer#2,Brand#23,STANDARD PLATED STEEL,33,LG CASE,1400.38,lly final pack
120381,chocolate metallic cyan misty chartreuse,Manufacturer#1,Brand#11,SMALL BURNISHED COPPER,28,LG BOX,1401.38,sts wake blithely fu
120382,cream cornsilk black rose salmon,Manufacturer#1,Brand#11,STANDARD BRUSHED COPPER,22,JUMBO CASE,1402.38,"ual, fin"
120383,slate coral magenta ghost drab,Manufacturer#4,Brand#45,STANDARD POLISHED TIN,36,MED CAN,1403.38,sts. even theodolite
120384,burnished honeydew violet sky red,Manufacturer#1,Brand#12,PROMO BRUSHED TIN,7,LG PACK,1404.38,l pinto beans acco
120385,linen steel coral honeydew dim,Manufacturer#4,Brand#42,LARGE BURNISHED STEEL,38,LG PACK,1405.38,e quickly
120386,sienna orange spring grey midnight,Manufacturer#5,Brand#52,ECONOMY PLATED BRASS,48,JUMBO BOX,1406.38,ven packages 
120387,navy burnished moccasin cornsilk rose,Manufacturer#2,Brand#22,LARGE BURNISHED TIN,49,SM BOX,1407.38,express somas are quic
120388,dodger salmon slate turquoise sienna,Manufacturer#4,Brand#45,STANDARD BURNISHED TIN,18,JUMBO PACK,1408.38,cing foxes use. care
120389,deep blush blue slate peru,Manufacturer#4,Brand#41,SMALL POLISHED BRASS,28,JUMBO BOX,1409.38,tes. pe
120390,magenta frosted rosy pink azure,Manufacturer#2,Brand#24,ECONOMY ANODIZED COPPER,42,SM PKG,1410.39,ly even i
120391,moccasin puff burnished goldenrod powder,Manufacturer#5,Brand#53,ECONOMY ANODIZED BRASS,19,MED BOX,1411.39,he quickly i
120392,purple indian bisque dark almond,Manufacturer#2,Brand#25,SMALL POLISHED COPPER,8,WRAP CASE,1412.39,ruthless
120393,lime burnished puff forest frosted,Manufacturer#1,Brand#11,STANDARD BURNISHED TIN,47,SM DRUM,1413.39,thely
120394,gainsboro coral cyan burlywood firebrick,Manufacturer#2,Brand#24,STANDARD ANODIZED STEEL,15,LG DRUM,1414.39,e furiously across the
120395,burlywood saddle misty blanched linen,Manufacturer#1,Brand#14,MEDIUM PLATED STEEL,42,WRAP JAR,1415.39,heodolites haggle
120396,blanched salmon ghost white gainsboro,Manufacturer#3,Brand#35,PROMO ANODIZED BRASS,49,MED BOX,1416.39, packages sleep. un
120397,slate ivory snow red pink,Manufacturer#1,Brand#13,STANDARD ANODIZED STEEL,44,JUMBO DRUM,1417.39,ronic accounts. stea
120398,magenta coral powder sienna turquoise,Manufacturer#3,Brand#33,ECONOMY POLISHED COPPER,1,LG JAR,1418.39, final asympt
120399,bisque lemon spring goldenrod powder,Manufacturer#1,Brand#12,PROMO ANODIZED BRASS,20,JUMBO CASE,1419.39,ular platelets cajol
120400,maroon burlywood ghost smoke honeydew,Manufacturer#5,Brand#53,PROMO POLISHED TIN,30,SM JAR,1420.40,lyly unusual
120401,pale green navajo grey cornflower,Manufacturer#5,Brand#55,MEDIUM BRUSHED TIN,20,MED BAG,1421.40,beans x-ray slyly ac
120402,spring brown mint yellow misty,Manufacturer#2,Brand#22,MEDIUM POLISHED BRASS,22,LG CASE,1422.40,y regular packa
120403,orchid dodger chiffon magenta burlywood,Manufacturer#2,Brand#25,PROMO ANODIZED NICKEL,39,SM BOX,1423.40,kly regul
120404,linen lace royal peru medium,Manufacturer#5,Brand#55,LARGE PLATED NICKEL,49,SM CASE,1424.40,ges c
120405,almond red lace burlywood dark,Manufacturer#3,Brand#32,SMALL ANODIZED NICKEL,39,LG DRUM,1425.40,eposits d
120406,lawn salmon black lace azure,Manufacturer#5,Brand#53,STANDARD BURNISHED STEEL,31,SM DRUM,1426.40,c deposits
120407,red papaya sandy almond navajo,Manufacturer#3,Brand#33,SMALL POLISHED BRASS,5,MED CAN,1427.40,are carefully! fur
120408,light goldenrod lace indian peru,Manufacturer#1,Brand#11,MEDIUM BURNISHED NICKEL,1,SM CASE,1428.40,areful pin
120409,hot purple bisque grey burnished,Manufacturer#4,Brand#42,ECONOMY BURNISHED STEEL,13,SM JAR,1429.40,s affix. furiously
120410,honeydew pale chiffon dodger cyan,Manufacturer#2,Brand#21,ECONOMY PLATED COPPER,46,MED PACK,1430.41,ges a
120411,rosy orange chocolate midnight magenta,Manufacturer#4,Brand#42,MEDIUM BRUSHED NICKEL,28,MED BAG,1431.41,"ding,"
120412,coral purple peru blush salmon,Manufacturer#5,Brand#52,ECONOMY ANODIZED BRASS,5,LG CASE,1432.41,s cajole bl
120413,cornflower orange salmon seashell royal,Manufacturer#3,Brand#31,MEDIUM BRUSHED TIN,2,WRAP PKG,1433.41,fily 
120414,hot chocolate peru violet navajo,Manufacturer#4,Brand#45,LARGE BURNISHED STEEL,46,SM JAR,1434.41,sual mu
120415,bisque azure indian dim burnished,Manufacturer#5,Brand#54,ECONOMY BRUSHED STEEL,33,LG BAG,1435.41,"after the special, sp"
120416,pale sienna moccasin firebrick bisque,Manufacturer#5,Brand#54,LARGE BRUSHED STEEL,13,SM BAG,1436.41,ss the s
120417,khaki green medium maroon chartreuse,Manufacturer#3,Brand#31,STANDARD POLISHED NICKEL,28,JUMBO PKG,1437.41,osits in place of t
120418,antique lawn violet aquamarine pink,Manufacturer#4,Brand#43,STANDARD PLATED COPPER,37,MED JAR,1438.41,ickly ir
120419,orange cyan goldenrod rose pale,Manufacturer#3,Brand#34,STANDARD ANODIZED NICKEL,48,LG PACK,1439.41,"ly ironic, expre"
120420,slate lawn blanched medium green,Manufacturer#1,Brand#13,LARGE BURNISHED BRASS,24,JUMBO CAN,1440.42, of the ruthlessly 
120421,papaya purple brown magenta medium,Manufacturer#1,Brand#12,PROMO ANODIZED BRASS,5,MED DRUM,1441.42,nic pinto bean
120422,tan gainsboro grey navy cyan,Manufacturer#4,Brand#42,SMALL PLATED BRASS,45,MED DRUM,1442.42,ar reque
120423,almond sky cyan red burlywood,Manufacturer#2,Brand#21,SMALL POLISHED STEEL,33,LG CAN,1443.42,y express deposi
120424,khaki orchid chartreuse thistle navy,Manufacturer#5,Brand#53,PROMO POLISHED TIN,16,SM CAN,1444.42,ecial ideas. caref
120425,firebrick orange salmon indian rosy,Manufacturer#2,Brand#22,STANDARD BURNISHED TIN,42,LG JAR,1445.42,ggle blithely across
120426,almond lemon dark blue purple,Manufacturer#1,Brand#13,LARGE ANODIZED STEEL,44,WRAP BAG,1446.42, ironic instru
120427,goldenrod sienna forest spring powder,Manufacturer#3,Brand#35,STANDARD PLATED BRASS,4,LG BOX,1447.42,o the idly ex
120428,gainsboro moccasin blue saddle bisque,Manufacturer#3,Brand#34,SMALL POLISHED STEEL,22,MED CASE,1448.42, regular ideas: exp
120429,cream salmon smoke orchid lavender,Manufacturer#2,Brand#25,LARGE BURNISHED NICKEL,37,MED BOX,1449.42,ld notornis. un
120430,hot deep grey almond tomato,Manufacturer#2,Brand#24,PROMO BRUSHED COPPER,18,MED JAR,1450.43,y ironic asymptotes
120431,magenta lime pale forest burlywood,Manufacturer#5,Brand#53,PROMO POLISHED STEEL,27,JUMBO PKG,1451.43,. instruc
120432,cyan antique ivory tomato burnished,Manufacturer#5,Brand#51,PROMO POLISHED BRASS,44,JUMBO PACK,1452.43,e dolphins. blithe pac
120433,moccasin brown azure cream seashell,Manufacturer#1,Brand#13,STANDARD BRUSHED BRASS,40,WRAP PACK,1453.43,es cajo
120434,aquamarine steel linen salmon smoke,Manufacturer#2,Brand#22,SMALL POLISHED BRASS,36,MED JAR,1454.43,hely 
120435,indian dark wheat blue mint,Manufacturer#2,Brand#22,STANDARD POLISHED STEEL,1,LG CAN,1455.43,equests wake fin
120436,rosy sandy sienna magenta peach,Manufacturer#3,Brand#31,SMALL ANODIZED STEEL,42,WRAP PKG,1456.43,ely ironic pains. flu
120437,chartreuse saddle plum ghost spring,Manufacturer#1,Brand#11,ECONOMY ANODIZED STEEL,21,LG PACK,1457.43, use. fluffily special
120438,pale rosy burlywood smoke orchid,Manufacturer#5,Brand#51,MEDIUM POLISHED NICKEL,22,SM JAR,1458.43,carefully final ide
120439,misty slate plum violet royal,Manufacturer#3,Brand#31,SMALL POLISHED NICKEL,38,JUMBO CASE,1459.43,ual packages. furio
120440,hot coral blush navy pale,Manufacturer#3,Brand#34,PROMO BRUSHED COPPER,15,JUMBO PACK,1460.44,xes aff
120441,steel antique lime salmon maroon,Manufacturer#2,Brand#21,SMALL BRUSHED TIN,43,WRAP DRUM,1461.44,ests a
120442,mint saddle chartreuse violet deep,Manufacturer#3,Brand#34,ECONOMY PLATED BRASS,10,SM BAG,1462.44,osits ou
120443,navajo thistle almond chiffon tan,Manufacturer#3,Brand#33,STANDARD BURNISHED STEEL,39,JUMBO CAN,1463.44, ideas. ironic account
120444,peach drab antique seashell tan,Manufacturer#3,Brand#34,PROMO BRUSHED BRASS,18,JUMBO JAR,1464.44,ges. furiou
120445,khaki mint magenta papaya maroon,Manufacturer#4,Brand#43,SMALL PLATED STEEL,42,MED CAN,1465.44,ourts. dep
120446,maroon midnight dark smoke misty,Manufacturer#4,Brand#44,STANDARD BURNISHED BRASS,17,SM DRUM,1466.44,ng the 
120447,pink tomato salmon blanched powder,Manufacturer#4,Brand#41,MEDIUM BURNISHED COPPER,4,MED PACK,1467.44, brave deposits. u
120448,cream steel black burnished sandy,Manufacturer#3,Brand#33,MEDIUM BURNISHED NICKEL,10,JUMBO CASE,1468.44,ously final inst
120449,drab thistle red firebrick rose,Manufacturer#3,Brand#35,MEDIUM ANODIZED TIN,13,LG BAG,1469.44,sly unusual requ
120450,misty snow rose cornflower azure,Manufacturer#4,Brand#41,ECONOMY BURNISHED TIN,29,LG DRUM,1470.45,lly even requests. eve
120451,cream olive wheat misty saddle,Manufacturer#2,Brand#21,SMALL POLISHED BRASS,23,MED CASE,1471.45,ly even acco
120452,moccasin medium black snow rosy,Manufacturer#5,Brand#53,STANDARD ANODIZED NICKEL,7,JUMBO JAR,1472.45,carefully fina
120453,royal goldenrod frosted aquamarine powder,Manufacturer#2,Brand#25,MEDIUM POLISHED NICKEL,8,WRAP CASE,1473.45,the carefully even
120454,dodger mint yellow hot ivory,Manufacturer#4,Brand#42,STANDARD POLISHED COPPER,22,WRAP BOX,1474.45,"gular, final theodolit"
120455,honeydew floral orchid tan bisque,Manufacturer#5,Brand#53,LARGE BRUSHED NICKEL,21,SM CAN,1475.45,bout the ironic d
120456,goldenrod azure lime lace cornsilk,Manufacturer#5,Brand#53,MEDIUM ANODIZED COPPER,30,WRAP DRUM,1476.45,xes. furiously 
120457,ivory sky beige lawn azure,Manufacturer#2,Brand#24,STANDARD BRUSHED COPPER,3,MED CAN,1477.45,regular pinto bean
120458,tan chocolate light smoke orange,Manufacturer#4,Brand#42,STANDARD PLATED COPPER,1,MED DRUM,1478.45,y express packa
120459,azure navajo gainsboro dark drab,Manufacturer#2,Brand#21,SMALL BURNISHED BRASS,50,JUMBO CAN,1479.45,"ing, regular ide"
120460,burnished grey aquamarine green salmon,Manufacturer#2,Brand#25,PROMO ANODIZED TIN,24,MED BOX,1480.46,are furio
120461,ivory mint green linen wheat,Manufacturer#3,Brand#31,MEDIUM POLISHED NICKEL,25,LG BOX,1481.46,ructions. express
120462,coral light moccasin tomato burnished,Manufacturer#1,Brand#15,STANDARD PLATED STEEL,17,JUMBO CASE,1482.46,deas sleep
120463,royal ivory pink ghost khaki,Manufacturer#1,Brand#13,LARGE PLATED STEEL,30,WRAP BAG,1483.46,al accounts
120464,white lavender cornflower dark green,Manufacturer#1,Brand#12,SMALL POLISHED STEEL,29,JUMBO PKG,1484.46,r accounts
120465,blue navy purple cyan green,Manufacturer#1,Brand#11,STANDARD PLATED STEEL,35,JUMBO CAN,1485.46,e express
120466,dim linen snow lavender blush,Manufacturer#4,Brand#45,MEDIUM BURNISHED BRASS,47,SM DRUM,1486.46,ng foxes ab
120467,salmon lavender aquamarine black ivory,Manufacturer#3,Brand#34,PROMO PLATED COPPER,44,MED BOX,1487.46,"ess, final pack"
120468,snow lavender green cornflower rosy,Manufacturer#4,Brand#41,LARGE PLATED BRASS,47,JUMBO CAN,1488.46,sleep furiously i
120469,red moccasin lawn bisque gainsboro,Manufacturer#4,Brand#45,PROMO BRUSHED COPPER,3,LG PACK,1489.46,ites. slyly final inst
120470,ivory ghost burlywood dim antique,Manufacturer#4,Brand#45,MEDIUM BRUSHED STEEL,3,WRAP PACK,1490.47,its are slyly. 
120471,lace peach slate almond tan,Manufacturer#4,Brand#41,STANDARD BRUSHED TIN,34,JUMBO BAG,1491.47,efully ex
120472,light almond navy floral pink,Manufacturer#1,Brand#15,STANDARD ANODIZED TIN,34,JUMBO PACK,1492.47,tealthily 
120473,aquamarine red burlywood pale black,Manufacturer#5,Brand#55,LARGE BURNISHED COPPER,14,WRAP PKG,1493.47,ly ironic platele
120474,navy gainsboro white green lavender,Manufacturer#3,Brand#34,LARGE PLATED COPPER,4,SM CASE,1494.47,dolites. regular
120475,sienna white violet drab pink,Manufacturer#4,Brand#45,STANDARD BRUSHED COPPER,41,WRAP PKG,1495.47,special de
120476,steel firebrick antique misty puff,Manufacturer#5,Brand#54,SMALL ANODIZED STEEL,37,SM BAG,1496.47,long the furiously r
120477,red sienna blue chartreuse pink,Manufacturer#5,Brand#52,LARGE PLATED COPPER,25,WRAP BAG,1497.47,as detect after the pe
120478,floral beige ghost spring deep,Manufacturer#1,Brand#13,MEDIUM POLISHED BRASS,27,WRAP CASE,1498.47,y express 
120479,peach moccasin puff chocolate burlywood,Manufacturer#2,Brand#25,ECONOMY ANODIZED TIN,3,WRAP BAG,1499.47,across the idea
120480,dim dodger spring turquoise cornflower,Manufacturer#1,Brand#11,STANDARD BURNISHED NICKEL,41,MED CASE,1500.48,instructions; quic
120481,metallic navajo smoke cream light,Manufacturer#4,Brand#42,MEDIUM PLATED NICKEL,27,JUMBO DRUM,1501.48,s. bl
120482,lavender brown magenta gainsboro powder,Manufacturer#2,Brand#22,LARGE PLATED BRASS,50,LG CAN,1502.48,y even frets
120483,lemon azure smoke misty sienna,Manufacturer#5,Brand#54,PROMO BURNISHED BRASS,28,MED PACK,1503.48,. carefully pending 
120484,moccasin coral chiffon cream violet,Manufacturer#1,Brand#13,STANDARD POLISHED BRASS,31,LG PACK,1504.48,uriously. blithely r
120485,sandy drab slate metallic cyan,Manufacturer#4,Brand#41,STANDARD ANODIZED NICKEL,16,WRAP BOX,1505.48,uses haggle ab
120486,green gainsboro honeydew blush bisque,Manufacturer#1,Brand#14,ECONOMY ANODIZED STEEL,36,MED CASE,1506.48,"yly. silent, regula"
120487,mint slate blush cornflower seashell,Manufacturer#5,Brand#53,ECONOMY POLISHED COPPER,32,JUMBO DRUM,1507.48, special se
120488,ivory turquoise green navy brown,Manufacturer#3,Brand#35,ECONOMY PLATED STEEL,32,SM PACK,1508.48,wake 
120489,ghost goldenrod turquoise pale metallic,Manufacturer#1,Brand#12,MEDIUM BURNISHED TIN,42,MED BOX,1509.48,ses. r
120490,wheat papaya magenta deep beige,Manufacturer#1,Brand#15,SMALL POLISHED BRASS,24,WRAP CASE,1510.49,wake furiously i
120491,lawn sky khaki blue magenta,Manufacturer#3,Brand#34,MEDIUM BRUSHED COPPER,33,SM BOX,1511.49,s at 
120492,medium lime brown black dodger,Manufacturer#1,Brand#11,STANDARD ANODIZED NICKEL,5,LG DRUM,1512.49, play. 
120493,linen slate yellow gainsboro sandy,Manufacturer#3,Brand#31,PROMO POLISHED NICKEL,6,WRAP PACK,1513.49, the 
120494,frosted dodger peru tan plum,Manufacturer#5,Brand#52,SMALL PLATED BRASS,47,WRAP JAR,1514.49,pending deposits. ir
120495,black tan forest magenta salmon,Manufacturer#1,Brand#11,ECONOMY POLISHED BRASS,36,LG CAN,1515.49,"are express, "
120496,peach moccasin blanched goldenrod burnished,Manufacturer#1,Brand#13,PROMO POLISHED NICKEL,41,LG PKG,1516.49,sts alon
120497,magenta khaki tan orchid metallic,Manufacturer#2,Brand#22,MEDIUM PLATED TIN,3,MED CASE,1517.49,courts 
120498,forest salmon dark gainsboro slate,Manufacturer#2,Brand#21,STANDARD PLATED COPPER,15,LG CASE,1518.49, slyly r
120499,violet snow pink tan red,Manufacturer#3,Brand#32,LARGE POLISHED NICKEL,17,LG CAN,1519.49,ges sleep furiously.
120500,dodger burlywood indian green chartreuse,Manufacturer#4,Brand#45,MEDIUM POLISHED COPPER,28,SM PACK,1520.50,s are
